country_code,country_name,geo_type,destination,link
ID,Indonesia,province_state,Bali,https://luxuryescapes.com/search?destinationName=Bali&destinationId=le_64930b7151b6bc3e289f37d5da62ac9f&adults=2&children=none&pages=2
TH,Thailand,country,Thailand,https://luxuryescapes.com/search?destinationName=Thailand&destinationId=le_8f85517967795eeef66c225f7883bdcb&adults=2&children=none&pages=2
AU,Australia,province_state,Queensland,https://luxuryescapes.com/search?destinationName=Queensland&destinationId=le_3d3621cee6f49e93a34f3f0f654ab41a&adults=2&children=none&pages=2
VN,Vietnam,country,Vietnam,https://luxuryescapes.com/search?destinationName=Vietnam&destinationId=le_a597e50502f5ff68e3e25b9114205d4a&adults=2&children=none&pages=2
AU,Australia,multi_city_vicinity,Melbourne,https://luxuryescapes.com/search?destinationName=Melbourne&destinationId=le_15fa44474c92da27cf2125373356db4c&adults=2&children=none&pages=2
AU,Australia,country,Australia,https://luxuryescapes.com/search?destinationName=Australia&destinationId=le_d3d9446802a44259755d38e6d163e820&adults=2&children=none&pages=2
TH,Thailand,province_state,Phuket,https://luxuryescapes.com/search?destinationName=Phuket&destinationId=le_d47bb339212ddfab0fadd99d492a5fc3&adults=2&children=none&pages=2
AU,Australia,multi_city_vicinity,Sydney,https://luxuryescapes.com/search?destinationName=Sydney&destinationId=le_678c61ac5b4f91ca86e112fc50e63766&adults=2&children=none&pages=2
SG,Singapore,country,Singapore,https://luxuryescapes.com/search?destinationName=Singapore&destinationId=le_bd4c9ab730f5513206b999ec0d90d1fb&adults=2&children=none&pages=2
AU,Australia,city,Gold Coast,https://luxuryescapes.com/search?destinationName=Gold+Coast&destinationId=le_bac732346917b0a1231354ef55faf00a&adults=2&children=none&pages=2
AU,Australia,province_state,New South Wales,https://luxuryescapes.com/search?destinationName=New+South+Wales&destinationId=le_8337a7365ec44f3d65434a5ea4d73d17&adults=2&children=none&pages=2
ID,Indonesia,city,Seminyak,https://luxuryescapes.com/search?destinationName=Seminyak&destinationId=le_790d9f1f52e10ef90ede8efcf7f3c078&adults=2&children=none&pages=2
ID,Indonesia,city,Nusa Dua,https://luxuryescapes.com/search?destinationName=Nusa+Dua&destinationId=le_a55472983efa2e239b315de91576d1d3&adults=2&children=none&pages=2
US,United States,province_state,Hawaii,https://luxuryescapes.com/search?destinationName=Hawaii&destinationId=le_979d472a84804b9f647bc185a877a8b5&adults=2&children=none&pages=2
AU,Australia,province_state,Victoria,https://luxuryescapes.com/search?destinationName=Victoria&destinationId=le_5781a2637b476d781eb3134581b32044&adults=2&children=none&pages=2
JP,Japan,country,Japan,https://luxuryescapes.com/search?destinationName=Japan&destinationId=le_7647966b7343c29048673252e490f736&adults=2&children=none&pages=2
TH,Thailand,city,Koh Samui,https://luxuryescapes.com/search?destinationName=Koh+Samui&destinationId=le_7af6d6117d13124fd3e00f5cb5f04400&adults=2&children=none&pages=2
AE,United Arab Emirates,province_state,Dubai,https://luxuryescapes.com/search?destinationName=Dubai&destinationId=le_43baa6762fa81bb43b39c62553b2970d&adults=2&children=none&pages=2
ID,Indonesia,city,Ubud,https://luxuryescapes.com/search?destinationName=Ubud&destinationId=le_7f7ed8ecfca9e17696ff654508efd86a&adults=2&children=none&pages=2
NZ,New Zealand,country,New Zealand,https://luxuryescapes.com/search?destinationName=New+Zealand&destinationId=le_9fc3d7152ba9336a670e36d0ed79bc43&adults=2&children=none&pages=2
AU,Australia,city,Port Douglas,https://luxuryescapes.com/search?destinationName=Port+Douglas&destinationId=le_dc2afc2240bd3cd5067a740a2cb17399&adults=2&children=none&pages=2
AU,Australia,city,Perth,https://luxuryescapes.com/search?destinationName=Perth&destinationId=le_7c27cf9f8fe09724bb754e474610eb0e&adults=2&children=none&pages=2
TH,Thailand,multi_city_vicinity,Bangkok,https://luxuryescapes.com/search?destinationName=Bangkok&destinationId=le_ff7aa1f9b4062bfee0f99a0453506f1b&adults=2&children=none&pages=2
AU,Australia,multi_city_vicinity,Brisbane,https://luxuryescapes.com/search?destinationName=Brisbane&destinationId=le_b96d145f6c31e35755f4a6841574ba37&adults=2&children=none&pages=2
GB,United Kingdom,multi_city_vicinity,London,https://luxuryescapes.com/search?destinationName=London&destinationId=le_66ff0e7c30438d414ff0a941b759f114&adults=2&children=none&pages=2
MY,Malaysia,country,Malaysia,https://luxuryescapes.com/search?destinationName=Malaysia&destinationId=le_a3c65c2974270fd093ee8a9bf8ae7d0b&adults=2&children=none&pages=2
AU,Australia,high_level_region,Hamilton Island,https://luxuryescapes.com/search?destinationName=Hamilton+Island&destinationId=le_3fb451ca2e89b3a13095b059d8705b15&adults=2&children=none&pages=2
AE,United Arab Emirates,multi_city_vicinity,Dubai,https://luxuryescapes.com/search?destinationName=Dubai&destinationId=le_f9736cf40a30e0fe71c53004951da2ed&adults=2&children=none&pages=2
PH,Philippines,country,Philippines,https://luxuryescapes.com/search?destinationName=Philippines&destinationId=le_2b24d495052a8ce66358eb576b8912c8&adults=2&children=none&pages=2
AU,Australia,province_state,Tasmania,https://luxuryescapes.com/search?destinationName=Tasmania&destinationId=le_edd47ba7fa1bbff38973841c9cd0733c&adults=2&children=none&pages=2
IT,Italy,country,Italy,https://luxuryescapes.com/search?destinationName=Italy&destinationId=le_93db85ed909c13838ff95ccfa94cebd9&adults=2&children=none&pages=2
AU,Australia,multi_city_vicinity,Adelaide,https://luxuryescapes.com/search?destinationName=Adelaide&destinationId=le_f4c2c73d7fe5eb38fd83d32a61604247&adults=2&children=none&pages=2
AU,Australia,province_state,Western Australia,https://luxuryescapes.com/search?destinationName=Western+Australia&destinationId=le_82680bfec0fa08346c1b10d30a3e3d4a&adults=2&children=none&pages=2
AU,Australia,province_state,Cairns,https://luxuryescapes.com/search?destinationName=Cairns&destinationId=le_b7218568a1335addb2966d47e1fe939c&adults=2&children=none&pages=2
JP,Japan,multi_city_vicinity,Tokyo,https://luxuryescapes.com/search?destinationName=Tokyo&destinationId=le_1608659ea7ec15440fa87763b3f5d700&adults=2&children=none&pages=2
GB,United Kingdom,country,United Kingdom,https://luxuryescapes.com/search?destinationName=United+Kingdom&destinationId=le_cfecdb276f634854f3ef915e2e980c31&adults=2&children=none&pages=2
NZ,New Zealand,city,Queenstown,https://luxuryescapes.com/search?destinationName=Queenstown&destinationId=le_5a4773830c5a9191a6bd6c301d060ad2&adults=2&children=none&pages=2
TH,Thailand,city,Khao Lak,https://luxuryescapes.com/search?destinationName=Khao+Lak&destinationId=le_f3ad1c493ba61ad63bb43d6947f42d95&adults=2&children=none&pages=2
AU,Australia,high_level_region,Whitsundays,https://luxuryescapes.com/search?destinationName=Whitsundays&destinationId=le_02785edd54b40735ce22cea83094508a&adults=2&children=none&pages=2
FR,France,multi_city_vicinity,Paris,https://luxuryescapes.com/search?destinationName=Paris&destinationId=le_cb3f7087c987ceff5b306d4ff89f5db6&adults=2&children=none&pages=2
AU,Australia,high_level_region,Hunter Valley,https://luxuryescapes.com/search?destinationName=Hunter+Valley&destinationId=le_864d8b8a2daebb7269e0882b0bfb6232&adults=2&children=none&pages=2
US,United States,multi_city_vicinity,New York,https://luxuryescapes.com/search?destinationName=New+York&destinationId=le_1ada7faf229425b786d87f7d9d5d43f2&adults=2&children=none&pages=2
ES,Spain,country,Spain,https://luxuryescapes.com/search?destinationName=Spain&destinationId=le_7e7757b1e12abcb736ab9a754ffb617a&adults=2&children=none&pages=2
ID,Indonesia,city,Sanur,https://luxuryescapes.com/search?destinationName=Sanur&destinationId=le_9061fde6d599f5ffe8612f853db8d1e3&adults=2&children=none&pages=2
AU,Australia,province_state,Noosa,https://luxuryescapes.com/search?destinationName=Noosa&destinationId=le_e14e1364b73cc4878fe29890a4c29b7e&adults=2&children=none&pages=2
AU,Australia,multi_city_vicinity,Canberra,https://luxuryescapes.com/search?destinationName=Canberra&destinationId=le_5f169380fd43eadac8a9f1423aaa9ac8&adults=2&children=none&pages=2
MY,Malaysia,multi_city_vicinity,Kuala Lumpur,https://luxuryescapes.com/search?destinationName=Kuala+Lumpur&destinationId=le_f243f5a39d3b7ef531788ff07ea1ca58&adults=2&children=none&pages=2
ID,Indonesia,colloquial_area,Uluwatu,https://luxuryescapes.com/search?destinationName=Uluwatu&destinationId=le_a9c53c0f1fe23357e3ba6a078ddb0990&adults=2&children=none&pages=2
HK,Hong Kong,country,Hong Kong,https://luxuryescapes.com/search?destinationName=Hong+Kong&destinationId=le_28dd2c7955ce926456240b2ff0100bde&adults=2&children=none&pages=2
IN,India,country,India,https://luxuryescapes.com/search?destinationName=India&destinationId=le_f033ab37c30201f73f142449d037028d&adults=2&children=none&pages=2
ID,Indonesia,country,Indonesia,https://luxuryescapes.com/search?destinationName=Indonesia&destinationId=le_43ec517d68b6edd3015b3edc9a11367b&adults=2&children=none&pages=2
ID,Indonesia,city,Legian,https://luxuryescapes.com/search?destinationName=Legian&destinationId=le_01bdad659f914e3f71ddd761821bd6a9&adults=2&children=none&pages=2
US,United States,country,United States of America,https://luxuryescapes.com/search?destinationName=United+States+of+America&destinationId=le_757b505cfd34c64c85ca5b5690ee5293&adults=2&children=none&pages=2
TH,Thailand,city,Krabi,https://luxuryescapes.com/search?destinationName=Krabi&destinationId=le_b536d75d9b756802546437b33b09b5e8&adults=2&children=none&pages=2
VN,Vietnam,multi_city_vicinity,Da Nang,https://luxuryescapes.com/search?destinationName=Da+Nang&destinationId=le_4311359ed4969e8401880e3c1836fbe1&adults=2&children=none&pages=2
ID,Indonesia,city,Canggu,https://luxuryescapes.com/search?destinationName=Canggu&destinationId=le_425f0cea87a40c5a8860e3db7c918c4e&adults=2&children=none&pages=2
VN,Vietnam,multi_city_vicinity,Ho Chi Minh City,https://luxuryescapes.com/search?destinationName=Ho+Chi+Minh+City&destinationId=le_9eaae23a6eaea01a1d6111023c69f199&adults=2&children=none&pages=2
AU,Australia,city,Hobart,https://luxuryescapes.com/search?destinationName=Hobart&destinationId=le_b573c52d599a979ba8c16e9789bb8014&adults=2&children=none&pages=2
AE,United Arab Emirates,country,United Arab Emirates,https://luxuryescapes.com/search?destinationName=United+Arab+Emirates&destinationId=le_a2557a7b2e94197ff767970b67041697&adults=2&children=none&pages=2
AU,Australia,city,Byron Bay,https://luxuryescapes.com/search?destinationName=Byron+Bay&destinationId=le_3b8592097e6f88f678a8983da586251d&adults=2&children=none&pages=2
VN,Vietnam,city,Hoi An,https://luxuryescapes.com/search?destinationName=Hoi+An&destinationId=le_f6c8eb0a04b4edf33a261d7e3a984bcc&adults=2&children=none&pages=2
AU,Australia,city,Sunshine Coast,https://luxuryescapes.com/search?destinationName=Sunshine+Coast&destinationId=le_80afa0c0df103c81019c7b4a3dfca6c2&adults=2&children=none&pages=2
US,United States,city,Honolulu,https://luxuryescapes.com/search?destinationName=Honolulu&destinationId=le_8a146f1a3da4700cbf03cdc55e2daae6&adults=2&children=none&pages=2
IT,Italy,multi_city_vicinity,Rome,https://luxuryescapes.com/search?destinationName=Rome&destinationId=le_832d851fd4d8851affa0b77077f5b4d6&adults=2&children=none&pages=2
MY,Malaysia,province_state,Langkawi,https://luxuryescapes.com/search?destinationName=Langkawi&destinationId=le_2d405b367158e3f12d7c1e31a96b3af3&adults=2&children=none&pages=2
AU,Australia,high_level_region,Blue Mountains,https://luxuryescapes.com/search?destinationName=Blue+Mountains&destinationId=le_4371d2566cbf4eb16e1cda1ce268c63c&adults=2&children=none&pages=2
AU,Australia,city,Airlie Beach,https://luxuryescapes.com/search?destinationName=Airlie+Beach&destinationId=le_e5d100c6a4cfabdcbc5d6b9841de87d9&adults=2&children=none&pages=2
ID,Indonesia,high_level_region,Lombok,https://luxuryescapes.com/search?destinationName=Lombok&destinationId=le_0f34314d2dd0c1b9311cb8f40eb4f255&adults=2&children=none&pages=2
SG,Singapore,city,Singapore,https://luxuryescapes.com/search?destinationName=Singapore&destinationId=le_ce393994e8cf430867408678d1a5a9c8&adults=2&children=none&pages=2
VN,Vietnam,multi_city_vicinity,Hanoi,https://luxuryescapes.com/search?destinationName=Hanoi&destinationId=le_0663a4ddceacb40b095eda264a85f15c&adults=2&children=none&pages=2
AU,Australia,city,Darwin,https://luxuryescapes.com/search?destinationName=Darwin&destinationId=le_3f08f0e6992e8d712984a799e6681209&adults=2&children=none&pages=2
VN,Vietnam,city,Phu Quoc,https://luxuryescapes.com/search?destinationName=Phu+Quoc&destinationId=le_5634bafecadb32ba8347fc334940c115&adults=2&children=none&pages=2
NZ,New Zealand,multi_city_vicinity,Auckland,https://luxuryescapes.com/search?destinationName=Auckland&destinationId=le_464adf7b911508701f4c4e70eab19a6e&adults=2&children=none&pages=2
AU,Australia,neighborhood,Broadbeach,https://luxuryescapes.com/search?destinationName=Broadbeach&destinationId=le_0c1b1762276617d247b7d468efd1a6da&adults=2&children=none&pages=2
AU,Australia,province_state,Sunshine Coast Region,https://luxuryescapes.com/search?destinationName=Sunshine+Coast+Region&destinationId=le_b1046173ab29afd97535264003faaf7f&adults=2&children=none&pages=2
FR,France,country,France,https://luxuryescapes.com/search?destinationName=France&destinationId=le_093f65e080a295f8076b1c5722a46aa2&adults=2&children=none&pages=2
AU,Australia,neighborhood,Palm Cove,https://luxuryescapes.com/search?destinationName=Palm+Cove&destinationId=le_fc3cf953b111aab37fc37c64502b346a&adults=2&children=none&pages=2
ES,Spain,high_level_region,Mallorca Island,https://luxuryescapes.com/search?destinationName=Mallorca+Island&destinationId=le_6fc671d6a9900b46f5b5389ea2188e59&adults=2&children=none&pages=2
US,United States,multi_city_vicinity,Las Vegas,https://luxuryescapes.com/search?destinationName=Las+Vegas&destinationId=le_324d1d5faac07d0c5ae13c2213b84ea9&adults=2&children=none&pages=2
AU,Australia,neighborhood,Sydney Central Business District,https://luxuryescapes.com/search?destinationName=Sydney+Central+Business+District&destinationId=le_3b1b1222c9e8e9afa9d1ee10d6e80fc0&adults=2&children=none&pages=2
AU,Australia,province_state,Brisbane City,https://luxuryescapes.com/search?destinationName=Brisbane+City&destinationId=le_11e381f4d4acad450d06e096f3b99703&adults=2&children=none&pages=2
IN,India,province_state,Goa,https://luxuryescapes.com/search?destinationName=Goa&destinationId=le_ba1ceaceb2db0e0462679cfc4a6ae170&adults=2&children=none&pages=2
AU,Australia,neighborhood,Melbourne Central Business District,https://luxuryescapes.com/search?destinationName=Melbourne+Central+Business+District&destinationId=le_32530ba0f5faff63a2f1ccb9c1bc90fc&adults=2&children=none&pages=2
AU,Australia,neighborhood,Surfers Paradise,https://luxuryescapes.com/search?destinationName=Surfers+Paradise&destinationId=le_7bad3bd3f0f97b500e337b6dd91746ca&adults=2&children=none&pages=2
MY,Malaysia,province_state,Penang,https://luxuryescapes.com/search?destinationName=Penang&destinationId=le_045cf83ab0722e782cf72d14e44adf98&adults=2&children=none&pages=2
AU,Australia,city,Cairns,https://luxuryescapes.com/search?destinationName=Cairns&destinationId=le_55dddb74a8c2e96db33e4363b0a73b98&adults=2&children=none&pages=2
JP,Japan,multi_city_vicinity,Osaka,https://luxuryescapes.com/search?destinationName=Osaka&destinationId=le_dd6cfa36ca5f428a6c9824630d3a8a96&adults=2&children=none&pages=2
KR,South Korea,multi_city_vicinity,Seoul,https://luxuryescapes.com/search?destinationName=Seoul&destinationId=le_84254f05131de1561e62e5cf5153a3b9&adults=2&children=none&pages=2
TH,Thailand,city,Patong,https://luxuryescapes.com/search?destinationName=Patong&destinationId=le_0647bee49f75f9d4fd2e210cc44352eb&adults=2&children=none&pages=2
AU,Australia,city,Broome,https://luxuryescapes.com/search?destinationName=Broome&destinationId=le_83fba92646fd4b0c7d8995bf405214c8&adults=2&children=none&pages=2
US,United States,multi_city_vicinity,Los Angeles,https://luxuryescapes.com/search?destinationName=Los+Angeles&destinationId=le_079230e29195cac1ce62e737740797a0&adults=2&children=none&pages=2
ES,Spain,city,Barcelona,https://luxuryescapes.com/search?destinationName=Barcelona&destinationId=le_3dc4876f3f08201c7c76cb71fa1da439&adults=2&children=none&pages=2
GB,United Kingdom,province_state,England,https://luxuryescapes.com/search?destinationName=England&destinationId=le_568221292bd68ebdd821521ce60a8110&adults=2&children=none&pages=2
US,United States,neighborhood,Waikiki,https://luxuryescapes.com/search?destinationName=Waikiki&destinationId=le_21bf8d519b1e67cd0b9d4b50b55fccdd&adults=2&children=none&pages=2
AU,Australia,city,Sydney,https://luxuryescapes.com/search?destinationName=Sydney&destinationId=le_acf06cdd9c744f969958e1f085554c8b&adults=2&children=none&pages=2
AU,Australia,high_level_region,Mornington Peninsula,https://luxuryescapes.com/search?destinationName=Mornington+Peninsula&destinationId=le_77a4a0e5a3bdfee80c9eff1420165977&adults=2&children=none&pages=2
AU,Australia,city,Margaret River,https://luxuryescapes.com/search?destinationName=Margaret+River&destinationId=le_e4f9f1a6a6193f7100fc69a9abe3fc27&adults=2&children=none&pages=2
KR,South Korea,country,South Korea,https://luxuryescapes.com/search?destinationName=South+Korea&destinationId=le_f4b9ec30ad9f68f89b29639786cb62ef&adults=2&children=none&pages=2
ID,Indonesia,city,Lembongan Island,https://luxuryescapes.com/search?destinationName=Lembongan+Island&destinationId=le_66339aeaeac3d911af379044c9624005&adults=2&children=none&pages=2
CA,Canada,country,Canada,https://luxuryescapes.com/search?destinationName=Canada&destinationId=le_c16a5320fa475530d9583c34fd356ef5&adults=2&children=none&pages=2
ZA,South Africa,country,South Africa,https://luxuryescapes.com/search?destinationName=South+Africa&destinationId=le_9766527f2b5d3e95d4a733fcfb77bd7e&adults=2&children=none&pages=2
TH,Thailand,city,Chiang Mai,https://luxuryescapes.com/search?destinationName=Chiang+Mai&destinationId=le_f964e87e2c42208253412904eec37214&adults=2&children=none&pages=2
ID,Indonesia,city,Kuta,https://luxuryescapes.com/search?destinationName=Kuta&destinationId=le_82039d16dce0aab3913b6a7ac73deff7&adults=2&children=none&pages=2
NL,Netherlands,multi_city_vicinity,Amsterdam,https://luxuryescapes.com/search?destinationName=Amsterdam&destinationId=le_0a4703b5ee768403d6cf1f04b768def7&adults=2&children=none&pages=2
JP,Japan,multi_city_vicinity,Kyoto,https://luxuryescapes.com/search?destinationName=Kyoto&destinationId=le_c98e367e46aa4e7c4d6823b021865936&adults=2&children=none&pages=2
IT,Italy,province_state,Sardinia,https://luxuryescapes.com/search?destinationName=Sardinia&destinationId=le_a1f2f70f31cf6916b600f2a558c4f082&adults=2&children=none&pages=2
AE,United Arab Emirates,province_state,Abu Dhabi,https://luxuryescapes.com/search?destinationName=Abu+Dhabi&destinationId=le_d70ec56c179703547be2381e3bc1938e&adults=2&children=none&pages=2
TH,Thailand,city,Hua Hin,https://luxuryescapes.com/search?destinationName=Hua+Hin&destinationId=le_2e7c768f8f48b4d6de838814d789b0bb&adults=2&children=none&pages=2
IT,Italy,province_state,Sicily,https://luxuryescapes.com/search?destinationName=Sicily&destinationId=le_7409387f1ebd52e28e7cf147dc22cb6e&adults=2&children=none&pages=2
QA,Qatar,multi_city_vicinity,Doha,https://luxuryescapes.com/search?destinationName=Doha&destinationId=le_7cce53cf90577442771720a370c3c723&adults=2&children=none&pages=2
GB,United Kingdom,multi_city_vicinity,Edinburgh,https://luxuryescapes.com/search?destinationName=Edinburgh&destinationId=le_f01722cf0682667d18119b2cdef492ad&adults=2&children=none&pages=2
US,United States,high_level_region,Maui,https://luxuryescapes.com/search?destinationName=Maui&destinationId=le_4c3b14ba89e6289b61eb1bb344e2c2cf&adults=2&children=none&pages=2
AU,Australia,city,Newcastle,https://luxuryescapes.com/search?destinationName=Newcastle&destinationId=le_373ef50ce9c3f96bdd8b2f6e7e839b50&adults=2&children=none&pages=2
SG,Singapore,high_level_region,Sentosa Island,https://luxuryescapes.com/search?destinationName=Sentosa+Island&destinationId=le_e049cdf2bfe4dd1d825ada227d1479f2&adults=2&children=none&pages=2
AU,Australia,neighborhood,Noosa Heads,https://luxuryescapes.com/search?destinationName=Noosa+Heads&destinationId=le_e66c5f547fc000b0e4894e2b7833df92&adults=2&children=none&pages=2
AU,Australia,province_state,Port Stephens,https://luxuryescapes.com/search?destinationName=Port+Stephens&destinationId=le_5186b5eb83798a2a7a0bec02e7e95c5d&adults=2&children=none&pages=2
AU,Australia,high_level_region,Barossa Valley,https://luxuryescapes.com/search?destinationName=Barossa+Valley&destinationId=le_05c690755465e8723c8d9ee8d5b6f486&adults=2&children=none&pages=2
PH,Philippines,city,Boracay Island,https://luxuryescapes.com/search?destinationName=Boracay+Island&destinationId=le_a8b9081f7c011f43e2259f9c457a1d37&adults=2&children=none&pages=2
IT,Italy,city,Florence,https://luxuryescapes.com/search?destinationName=Florence&destinationId=le_3a029f04d76d32e79367c4b3255dda4d&adults=2&children=none&pages=2
CN,China,country,China,https://luxuryescapes.com/search?destinationName=China&destinationId=le_a5bfc9e07964f8dddeb95fc584cd965d&adults=2&children=none&pages=2
IT,Italy,multi_city_vicinity,Venice,https://luxuryescapes.com/search?destinationName=Venice&destinationId=le_2e378cea7a9a763222e0482db0dc9ee7&adults=2&children=none&pages=2
ES,Spain,multi_city_vicinity,Madrid,https://luxuryescapes.com/search?destinationName=Madrid&destinationId=le_cd18715c3998f5e305b948ffc72cf765&adults=2&children=none&pages=2
AU,Australia,high_level_region,Kangaroo Island,https://luxuryescapes.com/search?destinationName=Kangaroo+Island&destinationId=le_d66949480296c2957d4541919879f361&adults=2&children=none&pages=2
IT,Italy,multi_city_vicinity,Milan,https://luxuryescapes.com/search?destinationName=Milan&destinationId=le_23885a3e3ba46d857b6f99febf598019&adults=2&children=none&pages=2
ID,Indonesia,city,Jimbaran,https://luxuryescapes.com/search?destinationName=Jimbaran&destinationId=le_808ace92242c99f7e4aa4672c45e2138&adults=2&children=none&pages=2
AU,Australia,city,Lord Howe Island,https://luxuryescapes.com/search?destinationName=Lord+Howe+Island&destinationId=le_a5a61717dddc3501cfdf7a4e22d7dbaa&adults=2&children=none&pages=2
NZ,New Zealand,multi_city_vicinity,Christchurch,https://luxuryescapes.com/search?destinationName=Christchurch&destinationId=le_1e15efc3fac4ba31daa6f91082c97e97&adults=2&children=none&pages=2
IE,Ireland,country,Ireland,https://luxuryescapes.com/search?destinationName=Ireland&destinationId=le_68d30a9594728bc39aa24be94b319d21&adults=2&children=none&pages=2
IT,Italy,province_state,Tuscany,https://luxuryescapes.com/search?destinationName=Tuscany&destinationId=le_1cf91418caeda6937be5e272547fe200&adults=2&children=none&pages=2
ES,Spain,multi_city_vicinity,Barcelona,https://luxuryescapes.com/search?destinationName=Barcelona&destinationId=le_af15ce7cbd279b1a769d85d1540a5073&adults=2&children=none&pages=2
CA,Canada,multi_city_vicinity,Vancouver,https://luxuryescapes.com/search?destinationName=Vancouver&destinationId=le_7bcf5b2d63544b64edfe843df78afef2&adults=2&children=none&pages=2
ES,Spain,city,Seville,https://luxuryescapes.com/search?destinationName=Seville&destinationId=le_334467d41d5cf21e234465a1530ba647&adults=2&children=none&pages=2
AU,Australia,multi_city_vicinity,"Melbourne, VIC","https://luxuryescapes.com/search?destinationName=Melbourne,+VIC&destinationId=le_15fa44474c92da27cf2125373356db4c&adults=2&children=none&pages=2"
TH,Thailand,multi_city_vicinity,Pattaya,https://luxuryescapes.com/search?destinationName=Pattaya&destinationId=le_5b8abd68981b66b960aaf87e81ef49b3&adults=2&children=none&pages=2
AU,Australia,neighborhood,Darling Harbour,https://luxuryescapes.com/search?destinationName=Darling+Harbour&destinationId=le_0b3e82a99fa6793878a70c2438d8d17a&adults=2&children=none&pages=2
GB,United Kingdom,province_state,Scotland,https://luxuryescapes.com/search?destinationName=Scotland&destinationId=le_d7012f5714b8a6a970f5bd34806267c6&adults=2&children=none&pages=2
AU,Australia,neighborhood,Mooloolaba,https://luxuryescapes.com/search?destinationName=Mooloolaba&destinationId=le_edab64948fd0fb98f4662e74826352c2&adults=2&children=none&pages=2
PH,Philippines,province_state,Palawan,https://luxuryescapes.com/search?destinationName=Palawan&destinationId=le_f1a9435395997c4c05c1e979b78ead26&adults=2&children=none&pages=2
AU,Australia,city,"Gold Coast, QLD","https://luxuryescapes.com/search?destinationName=Gold+Coast,+QLD&destinationId=le_bac732346917b0a1231354ef55faf00a&adults=2&children=none&pages=2"
AU,Australia,city,Daylesford,https://luxuryescapes.com/search?destinationName=Daylesford&destinationId=le_4e8a0fcae374fd3909f64555cdea95a1&adults=2&children=none&pages=2
US,United States,multi_city_vicinity,San Francisco,https://luxuryescapes.com/search?destinationName=San+Francisco&destinationId=le_bd80d53a4b5d3aef9d8a1fabe2feecfc&adults=2&children=none&pages=2
ID,Indonesia,province_state,Bintan,https://luxuryescapes.com/search?destinationName=Bintan&destinationId=le_0c14ffc80188721d493ea4743e9524a9&adults=2&children=none&pages=2
AU,Australia,city,Port Macquarie,https://luxuryescapes.com/search?destinationName=Port+Macquarie&destinationId=le_23562198fd147e23311748e1e97b724c&adults=2&children=none&pages=2
ID,Indonesia,city,Batam,https://luxuryescapes.com/search?destinationName=Batam&destinationId=le_ffe29c71e4cd3f141d8d80f82cbe4e72&adults=2&children=none&pages=2
AU,Australia,high_level_region,Central Coast,https://luxuryescapes.com/search?destinationName=Central+Coast&destinationId=le_b26457e8774dcf3bf66024f7600ee686&adults=2&children=none&pages=2
VN,Vietnam,city,Nha Trang,https://luxuryescapes.com/search?destinationName=Nha+Trang&destinationId=le_ef9e7160514b136fca49362a95d52977&adults=2&children=none&pages=2
FR,France,multi_city_vicinity,Nice,https://luxuryescapes.com/search?destinationName=Nice&destinationId=le_5703de3548ff252d497ed77119eccccf&adults=2&children=none&pages=2
US,United States,multi_city_vicinity,Miami,https://luxuryescapes.com/search?destinationName=Miami&destinationId=le_548026b063092cc5c30e6ea04ccef75c&adults=2&children=none&pages=2
AU,Australia,high_level_region,Hayman Island,https://luxuryescapes.com/search?destinationName=Hayman+Island&destinationId=le_991de292e76f74f3c285b3f6d57958d5&adults=2&children=none&pages=2
AU,Australia,city,Launceston,https://luxuryescapes.com/search?destinationName=Launceston&destinationId=le_019cf615e71dc6ec778f64fb0022f3d9&adults=2&children=none&pages=2
CN,China,multi_city_vicinity,Shanghai,https://luxuryescapes.com/search?destinationName=Shanghai&destinationId=le_84bf68ea8e60ca1c6ea578742fc2b324&adults=2&children=none&pages=2
US,United States,province_state,California,https://luxuryescapes.com/search?destinationName=California&destinationId=le_7eabe3a1649ffa2b3ff8c02ebfd5659f&adults=2&children=none&pages=2
AU,Australia,province_state,Northern Territory,https://luxuryescapes.com/search?destinationName=Northern+Territory&destinationId=le_3bc31a430954d8326605fc690ed22f4d&adults=2&children=none&pages=2
AU,Australia,high_level_region,Yarra Valley,https://luxuryescapes.com/search?destinationName=Yarra+Valley&destinationId=le_e6fd3b368ff273183a74d471a141d7c3&adults=2&children=none&pages=2
AU,Australia,city,Bowral,https://luxuryescapes.com/search?destinationName=Bowral&destinationId=le_2dddca165ef38c731e7cce6069107fa6&adults=2&children=none&pages=2
AU,Australia,city,Busselton,https://luxuryescapes.com/search?destinationName=Busselton&destinationId=le_7a55fb8503583f7451544623e3f75f93&adults=2&children=none&pages=2
PH,Philippines,multi_city_vicinity,Manila,https://luxuryescapes.com/search?destinationName=Manila&destinationId=le_da75c0e7d3fdc21799e525181e5c8710&adults=2&children=none&pages=2
IT,Italy,city,Sorrento,https://luxuryescapes.com/search?destinationName=Sorrento&destinationId=le_5c5bc7df3d37b2a7ea29e1b47b2bd4ab&adults=2&children=none&pages=2
AU,Australia,high_level_region,Rottnest Island,https://luxuryescapes.com/search?destinationName=Rottnest+Island&destinationId=le_8e489b4966fe8f703b5be647f1cbae63&adults=2&children=none&pages=2
IN,India,province_state,Kerala,https://luxuryescapes.com/search?destinationName=Kerala&destinationId=le_063cec3d11bcef5e1b9cc9531aaeae87&adults=2&children=none&pages=2
JP,Japan,city,Niseko,https://luxuryescapes.com/search?destinationName=Niseko&destinationId=le_7a135f50ded719a23dd2b829ff4eaf88&adults=2&children=none&pages=2
MY,Malaysia,city,Kota Kinabalu,https://luxuryescapes.com/search?destinationName=Kota+Kinabalu&destinationId=le_c3992e9a68c5ae12bd18488bc579b30d&adults=2&children=none&pages=2
AU,Australia,neighborhood,Coolangatta,https://luxuryescapes.com/search?destinationName=Coolangatta&destinationId=le_0651279f1f67b3dfd57a0fd8f0668bb2&adults=2&children=none&pages=2
AU,Australia,city,Coffs Harbour,https://luxuryescapes.com/search?destinationName=Coffs+Harbour&destinationId=le_71ad16ad2c4d81f348082ff6c4b20768&adults=2&children=none&pages=2
ZA,South Africa,multi_city_vicinity,Cape Town,https://luxuryescapes.com/search?destinationName=Cape+Town&destinationId=le_1ec4acf07becf61030a7353556614198&adults=2&children=none&pages=2
AU,Australia,high_level_region,South Coast,https://luxuryescapes.com/search?destinationName=South+Coast&destinationId=le_2713c41ba82eb27554b627bbe991bc7a&adults=2&children=none&pages=2
US,United States,multi_city_vicinity,Orlando,https://luxuryescapes.com/search?destinationName=Orlando&destinationId=le_4c91676af7fe42293f8686dc898662e0&adults=2&children=none&pages=2
AU,Australia,city,Wollongong,https://luxuryescapes.com/search?destinationName=Wollongong&destinationId=le_4c6515356f214aa275e07ddbbd922a5e&adults=2&children=none&pages=2
NZ,New Zealand,multi_city_vicinity,Wellington,https://luxuryescapes.com/search?destinationName=Wellington&destinationId=le_fd87f0d4bde24eadae6f324b7d4c31a6&adults=2&children=none&pages=2
AU,Australia,province_state,"Cairns, QLD","https://luxuryescapes.com/search?destinationName=Cairns,+QLD&destinationId=le_b7218568a1335addb2966d47e1fe939c&adults=2&children=none&pages=2"
IT,Italy,high_level_region,Lake Como,https://luxuryescapes.com/search?destinationName=Lake+Como&destinationId=le_736508c51af06f80d18048c3a99d94c1&adults=2&children=none&pages=2
US,United States,province_state,Florida,https://luxuryescapes.com/search?destinationName=Florida&destinationId=le_eb163727917cbba1eea208541a643e74&adults=2&children=none&pages=2
AU,Australia,city,Townsville,https://luxuryescapes.com/search?destinationName=Townsville&destinationId=le_69d9743b8a0dac625d2c82dde7a077e4&adults=2&children=none&pages=2
ES,Spain,province_state,Canary Islands,https://luxuryescapes.com/search?destinationName=Canary+Islands&destinationId=le_9508dfde731fcf464dda8580fc228204&adults=2&children=none&pages=2
AU,Australia,neighborhood,Burleigh Heads,https://luxuryescapes.com/search?destinationName=Burleigh+Heads&destinationId=le_1379719828be9ee6b08ca64edb818e2b&adults=2&children=none&pages=2
AU,Australia,city,"Perth, WA","https://luxuryescapes.com/search?destinationName=Perth,+WA&destinationId=le_7c27cf9f8fe09724bb754e474610eb0e&adults=2&children=none&pages=2"
ES,Spain,high_level_region,Ibiza Island,https://luxuryescapes.com/search?destinationName=Ibiza+Island&destinationId=le_07f9b3b1393c927e3f8e63c2b342cd34&adults=2&children=none&pages=2
AU,Australia,city,Brisbane,https://luxuryescapes.com/search?destinationName=Brisbane&destinationId=le_67e103b0761e60683e83c559be18d40c&adults=2&children=none&pages=2
AU,Australia,city,Lorne,https://luxuryescapes.com/search?destinationName=Lorne&destinationId=le_e282d1cf59bc440f418e92b618e37e14&adults=2&children=none&pages=2
IT,Italy,high_level_region,Amalfi Coast,https://luxuryescapes.com/search?destinationName=Amalfi+Coast&destinationId=le_85dc4b985c0550b1f202694c615c42d2&adults=2&children=none&pages=2
AU,Australia,neighborhood,Dunsborough,https://luxuryescapes.com/search?destinationName=Dunsborough&destinationId=le_bb5c3a7f993b7cb25b2410e212e0386a&adults=2&children=none&pages=2
PH,Philippines,province_state,Cebu,https://luxuryescapes.com/search?destinationName=Cebu&destinationId=le_dacebfb5d91ee0388e78c9133972e0bf&adults=2&children=none&pages=2
JP,Japan,neighborhood,Shinjuku,https://luxuryescapes.com/search?destinationName=Shinjuku&destinationId=le_55b762ca9d26b0b09725e7d662806862&adults=2&children=none&pages=2
AU,Australia,city,Mudgee,https://luxuryescapes.com/search?destinationName=Mudgee&destinationId=le_6bef88cb2019901d3e5d85435b60619d&adults=2&children=none&pages=2
IT,Italy,city,Taormina,https://luxuryescapes.com/search?destinationName=Taormina&destinationId=le_e4a86b0d7bf4c46d7d550a92b0b2fcae&adults=2&children=none&pages=2
AU,Australia,city,Nelson Bay,https://luxuryescapes.com/search?destinationName=Nelson+Bay&destinationId=le_c44baba750f7f374513f284af2f83f86&adults=2&children=none&pages=2
AU,Australia,neighborhood,Kingscliff,https://luxuryescapes.com/search?destinationName=Kingscliff&destinationId=le_3a2a7f625483caa9328624a976dc8527&adults=2&children=none&pages=2
AU,Australia,city,Geelong,https://luxuryescapes.com/search?destinationName=Geelong&destinationId=le_afcf8ed19482ebcf0c9b20bde2b56b7b&adults=2&children=none&pages=2
ES,Spain,city,Palma de Mallorca,https://luxuryescapes.com/search?destinationName=Palma+de+Mallorca&destinationId=le_46b2644cbdf489fac0e2d192212d206d&adults=2&children=none&pages=2
TH,Thailand,city,Kata,https://luxuryescapes.com/search?destinationName=Kata&destinationId=le_c434daa77ef5bff49159bb7305963f01&adults=2&children=none&pages=2
HK,Hong Kong,city,Hong Kong,https://luxuryescapes.com/search?destinationName=Hong+Kong&destinationId=le_f5b2c7d542d5cc6eecba73128445ef53&adults=2&children=none&pages=2
GB,United Kingdom,neighborhood,London City Centre,https://luxuryescapes.com/search?destinationName=London+City+Centre&destinationId=le_8150c8232c40a27facde91222e859ead&adults=2&children=none&pages=2
ID,Indonesia,high_level_region,Borneo,https://luxuryescapes.com/search?destinationName=Borneo&destinationId=le_7665028ffa6a8c9b52fd1b21c37e41e6&adults=2&children=none&pages=2
HK,Hong Kong,country,Hong Kong SAR,https://luxuryescapes.com/search?destinationName=Hong+Kong+SAR&destinationId=le_28dd2c7955ce926456240b2ff0100bde&adults=2&children=none&pages=2
ES,Spain,high_level_region,Tenerife,https://luxuryescapes.com/search?destinationName=Tenerife&destinationId=le_a10464c8ae900ae18af996c07037083a&adults=2&children=none&pages=2
TH,Thailand,city,Karon,https://luxuryescapes.com/search?destinationName=Karon&destinationId=le_b4cc02b6fd96dc538e79abf48132bb3c&adults=2&children=none&pages=2
TW,Taiwan (Province of China),multi_city_vicinity,Taipei,https://luxuryescapes.com/search?destinationName=Taipei&destinationId=le_c037c1aec4154dd2f7ce8b82cc36eb38&adults=2&children=none&pages=2
PH,Philippines,city,El Nido,https://luxuryescapes.com/search?destinationName=El+Nido&destinationId=le_2cbdc360315397a173cddb64d9b059df&adults=2&children=none&pages=2
AU,Australia,high_level_region,Phillip Island,https://luxuryescapes.com/search?destinationName=Phillip+Island&destinationId=le_570a90174cbbe07bda17a54f94f47637&adults=2&children=none&pages=2
ID,Indonesia,city,Bintan,https://luxuryescapes.com/search?destinationName=Bintan&destinationId=le_b21d2f86beb192143a04671ac93bfd00&adults=2&children=none&pages=2
DE,Germany,country,Germany,https://luxuryescapes.com/search?destinationName=Germany&destinationId=le_ea5d2f1c4608232e07d3aa3d998e5135&adults=2&children=none&pages=2
AU,Australia,neighborhood,Fremantle,https://luxuryescapes.com/search?destinationName=Fremantle&destinationId=le_3aaa3db6a8983226601cac5dde15a26b&adults=2&children=none&pages=2
US,United States,province_state,Alaska,https://luxuryescapes.com/search?destinationName=Alaska&destinationId=le_e2c0be24560d78c5e599c2a9c9d0bbd2&adults=2&children=none&pages=2
VN,Vietnam,high_level_region,Ha Long Bay,https://luxuryescapes.com/search?destinationName=Ha+Long+Bay&destinationId=le_20091493b2c24337a1d9b527708300b8&adults=2&children=none&pages=2
JP,Japan,city,Okinawa,https://luxuryescapes.com/search?destinationName=Okinawa&destinationId=le_c1a504c62fec63635f320fbf42fe80a6&adults=2&children=none&pages=2
ES,Spain,city,M√°laga,https://luxuryescapes.com/search?destinationName=M√°laga&destinationId=le_950a4152c2b4aa3ad78bdd6b366cc179&adults=2&children=none&pages=2
US,United States,city,Miami Beach,https://luxuryescapes.com/search?destinationName=Miami+Beach&destinationId=le_349f8e8088df63050757dd8be4356216&adults=2&children=none&pages=2
US,United States,city,Anaheim,https://luxuryescapes.com/search?destinationName=Anaheim&destinationId=le_b59442085644532ef03417a3e5a76437&adults=2&children=none&pages=2
AU,Australia,city,Torquay,https://luxuryescapes.com/search?destinationName=Torquay&destinationId=le_8e809411bbd25cac078ba595cc2922f8&adults=2&children=none&pages=2
IN,India,multi_city_vicinity,Mumbai,https://luxuryescapes.com/search?destinationName=Mumbai&destinationId=le_fe332db6e17e429d0b2ecafc8a0e3990&adults=2&children=none&pages=2
IN,India,province_state,Rajasthan,https://luxuryescapes.com/search?destinationName=Rajasthan&destinationId=le_2c8fb83bd80f4e8ff450a08e094f625d&adults=2&children=none&pages=2
US,United States,neighborhood,Manhattan,https://luxuryescapes.com/search?destinationName=Manhattan&destinationId=le_22bbd93ccefbab19659fe6a72a7c990c&adults=2&children=none&pages=2
IN,India,city,Udaipur,https://luxuryescapes.com/search?destinationName=Udaipur&destinationId=le_f95ec3de395b4bce25b39ef6138da871&adults=2&children=none&pages=2
HK,Hong Kong,province_state,Hong Kong Island,https://luxuryescapes.com/search?destinationName=Hong+Kong+Island&destinationId=le_683f12427fdfb5a0b8138fec58b9844f&adults=2&children=none&pages=2
TW,Taiwan (Province of China),country,Taiwan,https://luxuryescapes.com/search?destinationName=Taiwan&destinationId=le_38af86134b65d0f10fe33d30dd76442e&adults=2&children=none&pages=2
IN,India,city,Jaipur,https://luxuryescapes.com/search?destinationName=Jaipur&destinationId=le_cdf1035c34ec380218a8cc9a43d438f9&adults=2&children=none&pages=2
US,United States,multi_city_vicinity,Chicago,https://luxuryescapes.com/search?destinationName=Chicago&destinationId=le_086e1aedd05ee04ce1b2618fccfd603c&adults=2&children=none&pages=2
CA,Canada,multi_city_vicinity,Toronto,https://luxuryescapes.com/search?destinationName=Toronto&destinationId=le_ad8f19606da3df6f1d7c2a8a2cde2efc&adults=2&children=none&pages=2
GB,United Kingdom,multi_city_vicinity,Liverpool,https://luxuryescapes.com/search?destinationName=Liverpool&destinationId=le_7eefc1cbddd4f6120ae5690640d6e584&adults=2&children=none&pages=2
US,United States,city,San Diego,https://luxuryescapes.com/search?destinationName=San+Diego&destinationId=le_c8cd63e1bf13c5016881652983fb615a&adults=2&children=none&pages=2
IN,India,city,New Delhi,https://luxuryescapes.com/search?destinationName=New+Delhi&destinationId=le_da1726aa3f060ae548a37763b9c61d2d&adults=2&children=none&pages=2
AU,Australia,city,Cradle Mountain,https://luxuryescapes.com/search?destinationName=Cradle+Mountain&destinationId=le_f69218cc2f5e86fc147c3038870fc493&adults=2&children=none&pages=2
AU,Australia,neighborhood,Southbank,https://luxuryescapes.com/search?destinationName=Southbank&destinationId=le_0c7ee90ac6e5920a9ab1ccf3c66fc9ab&adults=2&children=none&pages=2
NZ,New Zealand,city,Rotorua,https://luxuryescapes.com/search?destinationName=Rotorua&destinationId=le_732d6bb3074eefac3b2287d0bd8ef8fa&adults=2&children=none&pages=2
TH,Thailand,high_level_region,Phi Phi Islands,https://luxuryescapes.com/search?destinationName=Phi+Phi+Islands&destinationId=le_73c5930c3a59a6728f16cc5345fd8b6c&adults=2&children=none&pages=2
FR,France,province_state,Corsica,https://luxuryescapes.com/search?destinationName=Corsica&destinationId=le_b0f56a6c6934e8cfd22376a62487864d&adults=2&children=none&pages=2
AU,Australia,neighborhood,Manly,https://luxuryescapes.com/search?destinationName=Manly&destinationId=le_e143c01e314f7b950daca31188cb5d0f&adults=2&children=none&pages=2
JP,Japan,city,Hakuba,https://luxuryescapes.com/search?destinationName=Hakuba&destinationId=le_62c14294e6e9c5da9314b2a4e9efadfb&adults=2&children=none&pages=2
AU,Australia,city,Daydream Island,https://luxuryescapes.com/search?destinationName=Daydream+Island&destinationId=le_8bd2c3f7fd5b165b470beb1cc83071ab&adults=2&children=none&pages=2
US,United States,high_level_region,Oahu,https://luxuryescapes.com/search?destinationName=Oahu&destinationId=le_b98bb191df21cfb6c137c3fe53443978&adults=2&children=none&pages=2
CA,Canada,city,Banff,https://luxuryescapes.com/search?destinationName=Banff&destinationId=le_5324d3d389537bc820a1e2d02f055dfe&adults=2&children=none&pages=2
DE,Germany,multi_city_vicinity,Berlin,https://luxuryescapes.com/search?destinationName=Berlin&destinationId=le_9c8a346cb7a5fac320e5a3d405481026&adults=2&children=none&pages=2
IT,Italy,neighborhood,Rome City Centre,https://luxuryescapes.com/search?destinationName=Rome+City+Centre&destinationId=le_071d67ea1ccb598e410737fa52acb911&adults=2&children=none&pages=2
VN,Vietnam,high_level_region,Phu Quoc Island,https://luxuryescapes.com/search?destinationName=Phu+Quoc+Island&destinationId=le_1a99f6821980ac99136dcd2f1e9c8740&adults=2&children=none&pages=2
JP,Japan,multi_city_vicinity,Sapporo,https://luxuryescapes.com/search?destinationName=Sapporo&destinationId=le_3dc7c0f769f89a5ea943541c69f8fbc7&adults=2&children=none&pages=2
US,United States,neighborhood,Las Vegas Strip,https://luxuryescapes.com/search?destinationName=Las+Vegas+Strip&destinationId=le_88150567b3dbc6ce7f15e1b6731ea027&adults=2&children=none&pages=2
JP,Japan,province_state,Hokkaido Prefecture,https://luxuryescapes.com/search?destinationName=Hokkaido+Prefecture&destinationId=le_4d22dc28a212a9727b1637817a7e9748&adults=2&children=none&pages=2
US,United States,multi_city_vicinity,Boston,https://luxuryescapes.com/search?destinationName=Boston&destinationId=le_8c5cc0fdae1f1087d70c03ae29e5acb9&adults=2&children=none&pages=2
ES,Spain,province_state,Barcelona,https://luxuryescapes.com/search?destinationName=Barcelona&destinationId=le_3cbc4af26e4af14e7d661382d2678fff&adults=2&children=none&pages=2
IT,Italy,province_state,Puglia,https://luxuryescapes.com/search?destinationName=Puglia&destinationId=le_2d2f03706b5f59718f42674d39460f24&adults=2&children=none&pages=2
AU,Australia,city,Hervey Bay,https://luxuryescapes.com/search?destinationName=Hervey+Bay&destinationId=le_2a759f617bd1063a2a110eeb0835cc7b&adults=2&children=none&pages=2
AU,Australia,neighborhood,Sorrento,https://luxuryescapes.com/search?destinationName=Sorrento&destinationId=le_0f33d9fe6955f349a9145dfb2203f0e4&adults=2&children=none&pages=2
MY,Malaysia,province_state,Malacca,https://luxuryescapes.com/search?destinationName=Malacca&destinationId=le_903c81a28319cc21d19c566dcb8ddefe&adults=2&children=none&pages=2
IT,Italy,city,Positano,https://luxuryescapes.com/search?destinationName=Positano&destinationId=le_0d5bd023a3ee11c7abca5b42a93c4866&adults=2&children=none&pages=2
JP,Japan,neighborhood,Shibuya,https://luxuryescapes.com/search?destinationName=Shibuya&destinationId=le_ea9a635395384d316bef4e9044f06f1f&adults=2&children=none&pages=2
ID,Indonesia,multi_city_vicinity,Jakarta,https://luxuryescapes.com/search?destinationName=Jakarta&destinationId=le_5c7640152108b9831de6b60d29bd1ca9&adults=2&children=none&pages=2
US,United States,city,Myrtle Beach,https://luxuryescapes.com/search?destinationName=Myrtle+Beach&destinationId=le_2fb7b79b06036c1aae327db90df4ac6e&adults=2&children=none&pages=2
CA,Canada,city,Whistler,https://luxuryescapes.com/search?destinationName=Whistler&destinationId=le_a5ff5d4b0a0d7b3e4d64147037d8c344&adults=2&children=none&pages=2
DE,Germany,multi_city_vicinity,Munich,https://luxuryescapes.com/search?destinationName=Munich&destinationId=le_3b479d2992711d569ed1edc1c9eda1ad&adults=2&children=none&pages=2
GB,United Kingdom,city,Glasgow,https://luxuryescapes.com/search?destinationName=Glasgow&destinationId=le_8edd72158ccd2a879f79cb2538568fdc&adults=2&children=none&pages=2
AU,Australia,city,Pokolbin,https://luxuryescapes.com/search?destinationName=Pokolbin&destinationId=le_98eca608ac0582f5b8974e95bebbfa19&adults=2&children=none&pages=2
TH,Thailand,city,Ao Nang,https://luxuryescapes.com/search?destinationName=Ao+Nang&destinationId=le_86401d388d4865e45feb650e82440115&adults=2&children=none&pages=2
CN,China,multi_city_vicinity,Beijing,https://luxuryescapes.com/search?destinationName=Beijing&destinationId=le_6941d4809bf42c9cd6b5a79f36332fe0&adults=2&children=none&pages=2
IN,India,province_state,Himachal Pradesh,https://luxuryescapes.com/search?destinationName=Himachal+Pradesh&destinationId=le_849875c59ff8899429d28e5c99fe32b1&adults=2&children=none&pages=2
AU,Australia,city,Melbourne,https://luxuryescapes.com/search?destinationName=Melbourne&destinationId=le_bbaa9d6a1445eac881750bea6053f564&adults=2&children=none&pages=2
AU,Australia,neighborhood,Mollymook,https://luxuryescapes.com/search?destinationName=Mollymook&destinationId=le_29adf4cd5ea594204b3ef07197b0a05f&adults=2&children=none&pages=2
ES,Spain,city,Marbella,https://luxuryescapes.com/search?destinationName=Marbella&destinationId=le_cfd2b32e4caf5678c34b631f56c03686&adults=2&children=none&pages=2
AU,Australia,city,Jervis Bay,https://luxuryescapes.com/search?destinationName=Jervis+Bay&destinationId=le_b816159b242ae0f8a2035d213ee84f2a&adults=2&children=none&pages=2
MY,Malaysia,province_state,Johor,https://luxuryescapes.com/search?destinationName=Johor&destinationId=le_2f28ba4afb1eb0395ecf47ec4c736d08&adults=2&children=none&pages=2
IN,India,province_state,Maharashtra,https://luxuryescapes.com/search?destinationName=Maharashtra&destinationId=le_e27abec7e9c1bb811c7b054bd065c7b3&adults=2&children=none&pages=2
AU,Australia,neighborhood,The Rocks,https://luxuryescapes.com/search?destinationName=The+Rocks&destinationId=le_6acc14464b1fc70161d0731b08edb16f&adults=2&children=none&pages=2
NL,Netherlands,country,Netherlands,https://luxuryescapes.com/search?destinationName=Netherlands&destinationId=le_d1f491a404d6854880943e5c3cd9ca25&adults=2&children=none&pages=2
QA,Qatar,country,Qatar,https://luxuryescapes.com/search?destinationName=Qatar&destinationId=le_f2217062e9a397a1dca429e7d70bc6ca&adults=2&children=none&pages=2
TH,Thailand,city,Ko Lanta,https://luxuryescapes.com/search?destinationName=Ko+Lanta&destinationId=le_a10c3ce81336de917a2427527f5609cb&adults=2&children=none&pages=2
AU,Australia,city,Orange,https://luxuryescapes.com/search?destinationName=Orange&destinationId=le_8e065119c74efe3a47aec8796964cf8b&adults=2&children=none&pages=2
CA,Canada,province_state,Prince Edward Island,https://luxuryescapes.com/search?destinationName=Prince+Edward+Island&destinationId=le_b2b931b999830c68d0ef71f3d0c3689c&adults=2&children=none&pages=2
CA,Canada,city,Niagara Falls,https://luxuryescapes.com/search?destinationName=Niagara+Falls&destinationId=le_705c9b1ec504747f6b0410cdd9b11d84&adults=2&children=none&pages=2
US,United States,multi_city_vicinity,New Orleans,https://luxuryescapes.com/search?destinationName=New+Orleans&destinationId=le_ac00d8d42828f07427af0c7091bb6ad4&adults=2&children=none&pages=2
AU,Australia,city,Ballarat,https://luxuryescapes.com/search?destinationName=Ballarat&destinationId=le_dd5bfdeb57f7c75d400de61e99d78e2e&adults=2&children=none&pages=2
GB,United Kingdom,city,Brighton,https://luxuryescapes.com/search?destinationName=Brighton&destinationId=le_cd71e6c1cd6ab38622bbff0402a62015&adults=2&children=none&pages=2
TH,Thailand,province_state,Phang Nga Province,https://luxuryescapes.com/search?destinationName=Phang+Nga+Province&destinationId=le_3b71787064fdfa34ec883e95c0b3f97c&adults=2&children=none&pages=2
VN,Vietnam,neighborhood,District 1,https://luxuryescapes.com/search?destinationName=District+1&destinationId=le_8137df7bd2e21f2aa50c5ee5f7307907&adults=2&children=none&pages=2
IE,Ireland,high_level_region,Dublin,https://luxuryescapes.com/search?destinationName=Dublin&destinationId=le_d98a48f4ea86b562afb511539639291a&adults=2&children=none&pages=2
GB,United Kingdom,province_state,Cornwall,https://luxuryescapes.com/search?destinationName=Cornwall&destinationId=le_03d85f4231be1b592e525a193c48ef16&adults=2&children=none&pages=2
MY,Malaysia,city,George Town,https://luxuryescapes.com/search?destinationName=George+Town&destinationId=le_3be1f882b6642c5f29d385324316e8d4&adults=2&children=none&pages=2
US,United States,multi_city_vicinity,Nashville,https://luxuryescapes.com/search?destinationName=Nashville&destinationId=le_6c4f52492806d056897837fe6253eb82&adults=2&children=none&pages=2
TH,Thailand,province_state,Krabi Province,https://luxuryescapes.com/search?destinationName=Krabi+Province&destinationId=le_4409bbb460462b590e765da5e7fa56be&adults=2&children=none&pages=2
NZ,New Zealand,city,Wanaka,https://luxuryescapes.com/search?destinationName=Wanaka&destinationId=le_4ecb679fd35dcfd0f0894c399590be1a&adults=2&children=none&pages=2
KR,South Korea,city,Busan,https://luxuryescapes.com/search?destinationName=Busan&destinationId=le_8873c6e21a043d2f12cb2424c57f56e7&adults=2&children=none&pages=2
US,United States,high_level_region,Kauai,https://luxuryescapes.com/search?destinationName=Kauai&destinationId=le_950c8208d79a915166663ce1dab61d9d&adults=2&children=none&pages=2
US,United States,multi_city_vicinity,Seattle,https://luxuryescapes.com/search?destinationName=Seattle&destinationId=le_39c4c0a45681f21cead1b7004d1a67ce&adults=2&children=none&pages=2
AU,Australia,city,Bright,https://luxuryescapes.com/search?destinationName=Bright&destinationId=le_7e234336dadf2966e98b4458076126b8&adults=2&children=none&pages=2
AU,Australia,high_level_region,Great Ocean Road,https://luxuryescapes.com/search?destinationName=Great+Ocean+Road&destinationId=le_6e9ec3a5f04df981371602cee0f28e18&adults=2&children=none&pages=2
ZA,South Africa,city,Kruger National Park,https://luxuryescapes.com/search?destinationName=Kruger+National+Park&destinationId=le_6896d4e7056ee68ca5faf10215a95430&adults=2&children=none&pages=2
AU,Australia,city,Yamba,https://luxuryescapes.com/search?destinationName=Yamba&destinationId=le_d8e37b628bf4e6231fa51d6f7ddeac5b&adults=2&children=none&pages=2
CA,Canada,multi_city_vicinity,Montreal,https://luxuryescapes.com/search?destinationName=Montreal&destinationId=le_9608332628503fd84e029ce2350c066a&adults=2&children=none&pages=2
AU,Australia,city,Bendigo,https://luxuryescapes.com/search?destinationName=Bendigo&destinationId=le_c5f441cd5f43eb2f2c024e1f8b5d00cd&adults=2&children=none&pages=2
KR,South Korea,high_level_region,Jeju Island,https://luxuryescapes.com/search?destinationName=Jeju+Island&destinationId=le_29bc9158e3be94f926038ab164cdcb30&adults=2&children=none&pages=2
AU,Australia,neighborhood,Kiama,https://luxuryescapes.com/search?destinationName=Kiama&destinationId=le_dea184826614d3f4c608731389ed0c74&adults=2&children=none&pages=2
GB,United Kingdom,city,Manchester,https://luxuryescapes.com/search?destinationName=Manchester&destinationId=le_06d5ae105ea1bea4d800bc96491876e9&adults=2&children=none&pages=2
CA,Canada,multi_city_vicinity,Calgary,https://luxuryescapes.com/search?destinationName=Calgary&destinationId=le_413cb7042e54f54bdfbd64d25241b307&adults=2&children=none&pages=2
IN,India,province_state,North Goa,https://luxuryescapes.com/search?destinationName=North+Goa&destinationId=le_0a4ef1b77fc3f20f80a68e5f7e4c6084&adults=2&children=none&pages=2
ES,Spain,high_level_region,Lanzarote,https://luxuryescapes.com/search?destinationName=Lanzarote&destinationId=le_6a9aeddfc689c1d0e3b9ccc3ab651bc5&adults=2&children=none&pages=2
HK,Hong Kong,city,Kowloon,https://luxuryescapes.com/search?destinationName=Kowloon&destinationId=le_18b91b19f6a289e7708da7f778b2c609&adults=2&children=none&pages=2
AU,Australia,multi_city_vicinity,"Adelaide, SA","https://luxuryescapes.com/search?destinationName=Adelaide,+SA&destinationId=le_f4c2c73d7fe5eb38fd83d32a61604247&adults=2&children=none&pages=2"
IN,India,city,Manali,https://luxuryescapes.com/search?destinationName=Manali&destinationId=le_c2573818bb8ed15578c0a81f0b7b9665&adults=2&children=none&pages=2
US,United States,multi_city_vicinity,Washington,https://luxuryescapes.com/search?destinationName=Washington&destinationId=le_2f4850d74e193947ef1738a88a1f953b&adults=2&children=none&pages=2
US,United States,province_state,New York,https://luxuryescapes.com/search?destinationName=New+York&destinationId=le_289dff07669d7a23de0ef88d2f7129e7&adults=2&children=none&pages=2
AU,Australia,neighborhood,Yallingup,https://luxuryescapes.com/search?destinationName=Yallingup&destinationId=le_ead623711728935e5dbef58110b05c35&adults=2&children=none&pages=2
IN,India,province_state,Uttarakhand,https://luxuryescapes.com/search?destinationName=Uttarakhand&destinationId=le_a02988708f44019678bff1f776991a7d&adults=2&children=none&pages=2
ES,Spain,province_state,Balearic Islands,https://luxuryescapes.com/search?destinationName=Balearic+Islands&destinationId=le_a93c83bace0f205f5c2f9943b18060e2&adults=2&children=none&pages=2
AU,Australia,city,Terrigal,https://luxuryescapes.com/search?destinationName=Terrigal&destinationId=le_83dc55aeb13cc9f621dcbaa80304d506&adults=2&children=none&pages=2
FR,France,neighborhood,Paris City Center,https://luxuryescapes.com/search?destinationName=Paris+City+Center&destinationId=le_8373aeb2b7e740d5110761758058da12&adults=2&children=none&pages=2
ID,Indonesia,city,Gili Trawangan,https://luxuryescapes.com/search?destinationName=Gili+Trawangan&destinationId=le_0c26938e018bf10ea0de7aa33c3d5979&adults=2&children=none&pages=2
IN,India,multi_city_vicinity,Chennai,https://luxuryescapes.com/search?destinationName=Chennai&destinationId=le_8e43c87d29d8af51a421f3c8894cf7f0&adults=2&children=none&pages=2
TH,Thailand,city,Kamala,https://luxuryescapes.com/search?destinationName=Kamala&destinationId=le_e4e3799f4cdb9f35b1df0099a3364edf&adults=2&children=none&pages=2
CN,China,multi_city_vicinity,Guangzhou,https://luxuryescapes.com/search?destinationName=Guangzhou&destinationId=le_b7ee6f5f9aa5cd17ca1aea43ce848496&adults=2&children=none&pages=2
MY,Malaysia,province_state,Sabah,https://luxuryescapes.com/search?destinationName=Sabah&destinationId=le_b90c46963248e6d7aab1e0f429743ca0&adults=2&children=none&pages=2
JP,Japan,city,Hakone,https://luxuryescapes.com/search?destinationName=Hakone&destinationId=le_84a3cac633162a1efcc41009c099c53b&adults=2&children=none&pages=2
AU,Australia,city,"Hobert, TAS","https://luxuryescapes.com/search?destinationName=Hobert,+TAS&destinationId=le_b573c52d599a979ba8c16e9789bb8014&adults=2&children=none&pages=2"
AU,Australia,neighborhood,Caloundra,https://luxuryescapes.com/search?destinationName=Caloundra&destinationId=le_2ea1202aed1e0ce30d41be4919b0cc99&adults=2&children=none&pages=2
AU,Australia,neighborhood,Hobart Central Business District,https://luxuryescapes.com/search?destinationName=Hobart+Central+Business+District&destinationId=le_9c9c4718960bd8d37d674c923df91eeb&adults=2&children=none&pages=2
US,United States,city,Palm Springs,https://luxuryescapes.com/search?destinationName=Palm+Springs&destinationId=le_84ddc9bef8fa95d694fbfbec0cb659f0&adults=2&children=none&pages=2
ID,Indonesia,high_level_region,Sumba,https://luxuryescapes.com/search?destinationName=Sumba&destinationId=le_763e0caafd03b3579826e3e6bc1f3d3f&adults=2&children=none&pages=2
GB,United Kingdom,city,Bath,https://luxuryescapes.com/search?destinationName=Bath&destinationId=le_91301df5bc0de6495a75bfeb734667c5&adults=2&children=none&pages=2
AU,Australia,city,Whitsundays,https://luxuryescapes.com/search?destinationName=Whitsundays&destinationId=le_9656391ce346db67930a27596a13438d&adults=2&children=none&pages=2
AU,Australia,high_level_region,Magnetic Island,https://luxuryescapes.com/search?destinationName=Magnetic+Island&destinationId=le_4df9760910089ef7dd67573145de8745&adults=2&children=none&pages=2
AU,Australia,city,Exmouth,https://luxuryescapes.com/search?destinationName=Exmouth&destinationId=le_4ae5b970ea2f37b09c138c60e782560b&adults=2&children=none&pages=2
AU,Australia,city,Berry,https://luxuryescapes.com/search?destinationName=Berry&destinationId=le_9fb7b0295b84b48d354f17d158298ea9&adults=2&children=none&pages=2
GB,United Kingdom,province_state,Wales,https://luxuryescapes.com/search?destinationName=Wales&destinationId=le_975a1c8b9aee1c48d32e13ec30be7905&adults=2&children=none&pages=2
NZ,New Zealand,city,Waiheke Island,https://luxuryescapes.com/search?destinationName=Waiheke+Island&destinationId=le_bebd0b4ef70d8bdaf30c447ab37080c4&adults=2&children=none&pages=2
US,United States,city,Santa Monica,https://luxuryescapes.com/search?destinationName=Santa+Monica&destinationId=le_5812f92450ccaf17275500841c70924a&adults=2&children=none&pages=2
ES,Spain,high_level_region,Gran Canaria,https://luxuryescapes.com/search?destinationName=Gran+Canaria&destinationId=le_9030beb0e12f94c7c6a0fafc5f22de3c&adults=2&children=none&pages=2
AU,Australia,city,Forster,https://luxuryescapes.com/search?destinationName=Forster&destinationId=le_3574aff5de7bf1fe29802a407eb67fbb&adults=2&children=none&pages=2
AU,Australia,high_level_region,Southern Highlands,https://luxuryescapes.com/search?destinationName=Southern+Highlands&destinationId=le_8ebf84a4954068cc2a998f04fb26fea6&adults=2&children=none&pages=2
TH,Thailand,city,Koh Tao,https://luxuryescapes.com/search?destinationName=Koh+Tao&destinationId=le_049d195a9949c99988001e2a78f12062&adults=2&children=none&pages=2
ES,Spain,city,San Sebastian,https://luxuryescapes.com/search?destinationName=San+Sebastian&destinationId=le_9d25d273b9acd6e734ae905793a250e7&adults=2&children=none&pages=2
NZ,New Zealand,province_state,Auckland Region,https://luxuryescapes.com/search?destinationName=Auckland+Region&destinationId=le_558f19385bf2dc5c4577c22b392df60d&adults=2&children=none&pages=2
IT,Italy,multi_city_vicinity,Naples,https://luxuryescapes.com/search?destinationName=Naples&destinationId=le_c9cb796b17ea805f9e98f2531b0068ea&adults=2&children=none&pages=2
AU,Australia,high_level_region,Margaret River Wine Region,https://luxuryescapes.com/search?destinationName=Margaret+River+Wine+Region&destinationId=le_73e3d45279e760d4f0f1642801549015&adults=2&children=none&pages=2
US,United States,neighborhood,Central New York City,https://luxuryescapes.com/search?destinationName=Central+New+York+City&destinationId=le_14fa9b13d36de38c4ac00cf960d6b1b6&adults=2&children=none&pages=2
IN,India,city,Mussoorie,https://luxuryescapes.com/search?destinationName=Mussoorie&destinationId=le_f73b5ce3dcc5d1afa97e992ff4ed7130&adults=2&children=none&pages=2
AU,Australia,neighborhood,Glenelg,https://luxuryescapes.com/search?destinationName=Glenelg&destinationId=le_90c34175923a36ab7a5de4b981c1972f&adults=2&children=none&pages=2
IT,Italy,province_state,Metropolitan City of Milan,https://luxuryescapes.com/search?destinationName=Metropolitan+City+of+Milan&destinationId=le_8982351d8d5c8505f3fe5bd8411890d1&adults=2&children=none&pages=2
PH,Philippines,city,Coron,https://luxuryescapes.com/search?destinationName=Coron&destinationId=le_71eee742e4c6e094e6af364597af3f05&adults=2&children=none&pages=2
IN,India,province_state,Andaman and Nicobar Islands,https://luxuryescapes.com/search?destinationName=Andaman+and+Nicobar+Islands&destinationId=le_aa2051e32534f9ee726e7afa34b96c97&adults=2&children=none&pages=2
AU,Australia,neighborhood,Maroochydore,https://luxuryescapes.com/search?destinationName=Maroochydore&destinationId=le_90aef91f0d9e7c3be322bd7bae41617d&adults=2&children=none&pages=2
ID,Indonesia,province_state,Nusa Penida,https://luxuryescapes.com/search?destinationName=Nusa+Penida&destinationId=le_6600c61f0d6854ccc7da5db19aa7abb8&adults=2&children=none&pages=2
US,United States,city,Key West,https://luxuryescapes.com/search?destinationName=Key+West&destinationId=le_4f284803bd0966cc24fa8683a34afc6e&adults=2&children=none&pages=2
AU,Australia,high_level_region,Adelaide Hills,https://luxuryescapes.com/search?destinationName=Adelaide+Hills&destinationId=le_4d3ad2b85e5fa9b30b87b0a482a08a58&adults=2&children=none&pages=2
ID,Indonesia,city,Petitenget,https://luxuryescapes.com/search?destinationName=Petitenget&destinationId=le_a66f0c549fa84c89a953f2df3ea5e8b3&adults=2&children=none&pages=2
IT,Italy,province_state,Province of Rome,https://luxuryescapes.com/search?destinationName=Province+of+Rome&destinationId=le_e48e763ff50bba8534f7df786aba14e6&adults=2&children=none&pages=2
FR,France,multi_city_vicinity,Bordeaux,https://luxuryescapes.com/search?destinationName=Bordeaux&destinationId=le_e06d706b3241a3f2c5dba643af2a3998&adults=2&children=none&pages=2
CA,Canada,multi_city_vicinity,Ottawa,https://luxuryescapes.com/search?destinationName=Ottawa&destinationId=le_c664fb7cc71376cd1b9cf101107eeb07&adults=2&children=none&pages=2
IT,Italy,city,Cefal√π,https://luxuryescapes.com/search?destinationName=Cefal√π&destinationId=le_1b63eb116968597c8105aa24c3fcfd0a&adults=2&children=none&pages=2
AU,Australia,multi_city_vicinity,"Brisbane, QLD","https://luxuryescapes.com/search?destinationName=Brisbane,+QLD&destinationId=le_b96d145f6c31e35755f4a6841574ba37&adults=2&children=none&pages=2"
AU,Australia,city,Hepburn Springs,https://luxuryescapes.com/search?destinationName=Hepburn+Springs&destinationId=le_4c1aed5cf6e57f56279ce744d8b4758c&adults=2&children=none&pages=2
AU,Australia,city,Albany,https://luxuryescapes.com/search?destinationName=Albany&destinationId=le_4038d29b84dbde416cfa738db297acef&adults=2&children=none&pages=2
IT,Italy,city,Capri,https://luxuryescapes.com/search?destinationName=Capri&destinationId=le_82d3149fc1f8d2305e7c6d56a6c5689d&adults=2&children=none&pages=2
AU,Australia,city,Tweed Heads,https://luxuryescapes.com/search?destinationName=Tweed+Heads&destinationId=le_c01ca642daebb0b11e22f9b92dafa065&adults=2&children=none&pages=2
GB,United Kingdom,city,York,https://luxuryescapes.com/search?destinationName=York&destinationId=le_d902c3ce47124c66ce615d5ad9ba304f&adults=2&children=none&pages=2
AU,Australia,high_level_region,Cairns and Barrier Reef,https://luxuryescapes.com/search?destinationName=Cairns+and+Barrier+Reef&destinationId=le_7ce1c7820dab2548c92188d58ddc4d0a&adults=2&children=none&pages=2
AU,Australia,neighborhood,Cable Beach,https://luxuryescapes.com/search?destinationName=Cable+Beach&destinationId=le_bacc08ba2a5cdf071b177286ee4ad2b8&adults=2&children=none&pages=2
VN,Vietnam,neighborhood,Old Quarter,https://luxuryescapes.com/search?destinationName=Old+Quarter&destinationId=le_535a6d5116b9aea22c366ef0b170bffe&adults=2&children=none&pages=2
US,United States,multi_city_vicinity,Columbus,https://luxuryescapes.com/search?destinationName=Columbus&destinationId=le_946833a02a91ede4d2e02002131296ab&adults=2&children=none&pages=2
IN,India,multi_city_vicinity,Bengaluru,https://luxuryescapes.com/search?destinationName=Bengaluru&destinationId=le_fd52ddf7ee4b807d822fb5f92cf5b763&adults=2&children=none&pages=2
TH,Thailand,city,Khuekkhak,https://luxuryescapes.com/search?destinationName=Khuekkhak&destinationId=le_00c1c44860069899b75bb14b631ab2dd&adults=2&children=none&pages=2
AU,Australia,city,Alice Springs,https://luxuryescapes.com/search?destinationName=Alice+Springs&destinationId=le_562665876813fa22c782a16245091b88&adults=2&children=none&pages=2
GB,United Kingdom,province_state,Cotswold District,https://luxuryescapes.com/search?destinationName=Cotswold+District&destinationId=le_ef1462407cf4dca6488b5e799824f5a1&adults=2&children=none&pages=2
AU,Australia,neighborhood,Fortitude Valley,https://luxuryescapes.com/search?destinationName=Fortitude+Valley&destinationId=le_e3b16a9441a8fe2ad88f05c4055f3de0&adults=2&children=none&pages=2
AU,Australia,city,Shoal Bay,https://luxuryescapes.com/search?destinationName=Shoal+Bay&destinationId=le_84bf0d9e9b2c343157639c0298bdbb4d&adults=2&children=none&pages=2
SA,Saudi Arabia,country,Saudi Arabia,https://luxuryescapes.com/search?destinationName=Saudi+Arabia&destinationId=le_6c4b761a28b734fe93831e3fb400ce87&adults=2&children=none&pages=2
AU,Australia,city,Thredbo,https://luxuryescapes.com/search?destinationName=Thredbo&destinationId=le_e646a41cf0fc231116f31d0a07140bf9&adults=2&children=none&pages=2
MY,Malaysia,city,Desaru,https://luxuryescapes.com/search?destinationName=Desaru&destinationId=le_b9bb39720dd1e96de6f0323b44c054b6&adults=2&children=none&pages=2
ES,Spain,city,Valencia,https://luxuryescapes.com/search?destinationName=Valencia&destinationId=le_7553e94d39fd4649ff75386a83ed3789&adults=2&children=none&pages=2
AE,United Arab Emirates,neighborhood,Palm Jumeirah,https://luxuryescapes.com/search?destinationName=Palm+Jumeirah&destinationId=le_5e6e3d721bc22a56d645caf144d2b476&adults=2&children=none&pages=2
AU,Australia,city,Warrnambool,https://luxuryescapes.com/search?destinationName=Warrnambool&destinationId=le_4cfbc51c4d39c53146a0064ca373ddef&adults=2&children=none&pages=2
MY,Malaysia,city,Johor Bahru,https://luxuryescapes.com/search?destinationName=Johor+Bahru&destinationId=le_b9b8f32f3bd0c975129615b134114e64&adults=2&children=none&pages=2
AU,Australia,neighborhood,Bondi Beach,https://luxuryescapes.com/search?destinationName=Bondi+Beach&destinationId=le_37d34177c59d0ed357f8af3e8927e6d8&adults=2&children=none&pages=2
US,United States,city,Kailua-Kona,https://luxuryescapes.com/search?destinationName=Kailua-Kona&destinationId=le_44a2e0804995faf8d2e3b084a1e2db1d&adults=2&children=none&pages=2
AU,Australia,province_state,New+South+Wales,https://luxuryescapes.com/search?destinationName=New+South+Wales&destinationId=le_8337a7365ec44f3d65434a5ea4d73d17&adults=2&children=none&pages=2
US,United States,city,West Hollywood,https://luxuryescapes.com/search?destinationName=West+Hollywood&destinationId=le_0decd736e9cee73e63418003b47d7d56&adults=2&children=none&pages=2
NZ,New Zealand,province_state,Queenstown Lakes District,https://luxuryescapes.com/search?destinationName=Queenstown+Lakes+District&destinationId=le_75e1b55640692343a691110353da5f3b&adults=2&children=none&pages=2
AU,Australia,neighborhood,McLaren Vale,https://luxuryescapes.com/search?destinationName=McLaren+Vale&destinationId=le_9819bda47e4a8234d65c1385a8a9e0ad&adults=2&children=none&pages=2
US,United States,multi_city_vicinity,Fort Lauderdale,https://luxuryescapes.com/search?destinationName=Fort+Lauderdale&destinationId=le_96da601313d3127d3038e0dfc095a852&adults=2&children=none&pages=2
ZA,South Africa,multi_city_vicinity,Johannesburg,https://luxuryescapes.com/search?destinationName=Johannesburg&destinationId=le_81139e35514dd56946d0c6defadeab15&adults=2&children=none&pages=2
ES,Spain,province_state,Malaga Province,https://luxuryescapes.com/search?destinationName=Malaga+Province&destinationId=le_6854f996ab6706c73fdea0a8685156da&adults=2&children=none&pages=2
FR,France,city,Cannes,https://luxuryescapes.com/search?destinationName=Cannes&destinationId=le_609ef4cc3fdcafee66c2de956d3f07ca&adults=2&children=none&pages=2
AU,Australia,city,Tasmanian Waterfront,https://luxuryescapes.com/search?destinationName=Tasmanian+Waterfront&destinationId=le_1fd6fd3a523278f891908b50f2e589aa&adults=2&children=none&pages=2
IT,Italy,high_level_region,Lake Garda,https://luxuryescapes.com/search?destinationName=Lake+Garda&destinationId=le_aeba890c55e24d35f0a34f07aeaa4956&adults=2&children=none&pages=2
PH,Philippines,province_state,Bohol,https://luxuryescapes.com/search?destinationName=Bohol&destinationId=le_5bcb499e7e7dd8d87651fcb7fcb8da93&adults=2&children=none&pages=2
ID,Indonesia,high_level_region,Gili Islands,https://luxuryescapes.com/search?destinationName=Gili+Islands&destinationId=le_fd8398682ff1c73f3a3bc98dbcfc0565&adults=2&children=none&pages=2
AU,Australia,neighborhood,Mandurah,https://luxuryescapes.com/search?destinationName=Mandurah&destinationId=le_589de5911c01c3c6735aa7acfbbb9336&adults=2&children=none&pages=2
AU,Australia,city,Tamborine Mountain,https://luxuryescapes.com/search?destinationName=Tamborine+Mountain&destinationId=le_6283e5733891c74ad2926efa270f0a98&adults=2&children=none&pages=2
NZ,New Zealand,city,Lake Tekapo,https://luxuryescapes.com/search?destinationName=Lake+Tekapo&destinationId=le_341f73f21eb3842764224578c161e2cc&adults=2&children=none&pages=2
MO,Macao,country,Macau,https://luxuryescapes.com/search?destinationName=Macau&destinationId=le_c9e1074f5b3f9fc8ea15d152add07294&adults=2&children=none&pages=2
JP,Japan,multi_city_vicinity,Fukuoka,https://luxuryescapes.com/search?destinationName=Fukuoka&destinationId=le_0ce2ffd21fc958d9ef0ee9ba5336e357&adults=2&children=none&pages=2
NL,Netherlands,neighborhood,Amsterdam City Centre,https://luxuryescapes.com/search?destinationName=Amsterdam+City+Centre&destinationId=le_a9d5c1a20e6bc92f9143e7ca945c3474&adults=2&children=none&pages=2
NZ,New Zealand,city,Taupo,https://luxuryescapes.com/search?destinationName=Taupo&destinationId=le_f8f5161cf94df05793592f5fab95138b&adults=2&children=none&pages=2
AU,Australia,city,Fitzroy Island,https://luxuryescapes.com/search?destinationName=Fitzroy+Island&destinationId=le_239a36374b2ae517b908f79df712093d&adults=2&children=none&pages=2
US,United States,multi_city_vicinity,Dallas,https://luxuryescapes.com/search?destinationName=Dallas&destinationId=le_82511ae227d7e62927448b43485ac2d6&adults=2&children=none&pages=2
AE,United Arab Emirates,city,Abu Dhabi,https://luxuryescapes.com/search?destinationName=Abu+Dhabi&destinationId=le_49ae49a23f67c759bf4fc791ba842aa2&adults=2&children=none&pages=2
US,United States,multi_city_vicinity,Sacramento,https://luxuryescapes.com/search?destinationName=Sacramento&destinationId=le_db412c68a444b151308264631876567d&adults=2&children=none&pages=2
AU,Australia,city,Toowoomba,https://luxuryescapes.com/search?destinationName=Toowoomba&destinationId=le_7cba87f571a31baf11325f462fbdcf14&adults=2&children=none&pages=2
GB,United Kingdom,city,Southampton,https://luxuryescapes.com/search?destinationName=Southampton&destinationId=le_0e1ebad68af7f0ae4830b7ac92bc3c6f&adults=2&children=none&pages=2
CN,China,city,Chengdu,https://luxuryescapes.com/search?destinationName=Chengdu&destinationId=le_1cc3633c579a90cfdd895e64021e2163&adults=2&children=none&pages=2
IN,India,province_state,Gujarat,https://luxuryescapes.com/search?destinationName=Gujarat&destinationId=le_5eb67ba7804347c2a5feea4f6fd4a49d&adults=2&children=none&pages=2
AU,Australia,city,Albury,https://luxuryescapes.com/search?destinationName=Albury&destinationId=le_af9734fb3f87897dfd002ff498591856&adults=2&children=none&pages=2
AU,Australia,city,Esperance,https://luxuryescapes.com/search?destinationName=Esperance&destinationId=le_55b1927fdafef39c48e5b73b5d61ea60&adults=2&children=none&pages=2
IT,Italy,city,Bari,https://luxuryescapes.com/search?destinationName=Bari&destinationId=le_fccb3cdc9acc14a6e70a12f74560c026&adults=2&children=none&pages=2
AU,Australia,province_state,City Of Perth,https://luxuryescapes.com/search?destinationName=City+Of+Perth&destinationId=le_9f2111c64ef93b41b171aa74d56c6f83&adults=2&children=none&pages=2
IN,India,city,Shimla,https://luxuryescapes.com/search?destinationName=Shimla&destinationId=le_731309c4bb223491a9f67eac5214fb2e&adults=2&children=none&pages=2
VN,Vietnam,city,Hue,https://luxuryescapes.com/search?destinationName=Hue&destinationId=le_7b868a48abc1244819063d3a282a76fd&adults=2&children=none&pages=2
CA,Canada,province_state,Ontario,https://luxuryescapes.com/search?destinationName=Ontario&destinationId=le_5afd3bb639c0920782586a9843ee0785&adults=2&children=none&pages=2
VN,Vietnam,city,Sa Pa,https://luxuryescapes.com/search?destinationName=Sa+Pa&destinationId=le_33074f4e0696b19de101d8d1d71f0708&adults=2&children=none&pages=2
IE,Ireland,multi_city_vicinity,Dublin,https://luxuryescapes.com/search?destinationName=Dublin&destinationId=le_ad1e3c80f9623c0e75d323e612a457da&adults=2&children=none&pages=2
AU,Australia,city,Mission Beach,https://luxuryescapes.com/search?destinationName=Mission+Beach&destinationId=le_9a8b3a74384a79e153bf0bc17029cf3d&adults=2&children=none&pages=2
AU,Australia,city,Green Island,https://luxuryescapes.com/search?destinationName=Green+Island&destinationId=le_c381dc78e35cd83fa1c4e916b1974a6c&adults=2&children=none&pages=2
IN,India,city,Agra,https://luxuryescapes.com/search?destinationName=Agra&destinationId=le_158f3069a435b314a80bdcb024f8e422&adults=2&children=none&pages=2
AU,Australia,city,Maleny,https://luxuryescapes.com/search?destinationName=Maleny&destinationId=le_3d78a7e47ddc7693b56523b7c691b4ce&adults=2&children=none&pages=2
IN,India,city,Lonavala,https://luxuryescapes.com/search?destinationName=Lonavala&destinationId=le_b0714fce551e4947d39cda766d1b953c&adults=2&children=none&pages=2
AU,Australia,city,Merimbula,https://luxuryescapes.com/search?destinationName=Merimbula&destinationId=le_d827f12e35eae370ba9c65b7f6026695&adults=2&children=none&pages=2
TH,Thailand,neighborhood,Chang Moi,https://luxuryescapes.com/search?destinationName=Chang+Moi&destinationId=le_9d15ac9476494f66c5d52f752f98e2a0&adults=2&children=none&pages=2
GB,United Kingdom,city,Cambridge,https://luxuryescapes.com/search?destinationName=Cambridge&destinationId=le_7143d7fbadfa4693b9eec507d9d37443&adults=2&children=none&pages=2
AU,Australia,city,South Bank,https://luxuryescapes.com/search?destinationName=South+Bank&destinationId=le_d7a6a41890055c5daaedc1445ca45a2d&adults=2&children=none&pages=2
CN,China,multi_city_vicinity,Shenzhen,https://luxuryescapes.com/search?destinationName=Shenzhen&destinationId=le_0763a9da1cee4722c66b2c6315b3e9c7&adults=2&children=none&pages=2
IN,India,province_state,Karnataka,https://luxuryescapes.com/search?destinationName=Karnataka&destinationId=le_4e0f9f64bd058e822f5627db9b027324&adults=2&children=none&pages=2
AU,Australia,city,Batemans Bay,https://luxuryescapes.com/search?destinationName=Batemans+Bay&destinationId=le_4b939fcefc86c72e8f298ab2831c6640&adults=2&children=none&pages=2
GB,United Kingdom,multi_city_vicinity,Birmingham,https://luxuryescapes.com/search?destinationName=Birmingham&destinationId=le_5d9eff65914277a1c6c84c85cffa8386&adults=2&children=none&pages=2
DE,Germany,multi_city_vicinity,Frankfurt,https://luxuryescapes.com/search?destinationName=Frankfurt&destinationId=le_757a2c62e10f4791ad9c83503863fdce&adults=2&children=none&pages=2
AU,Australia,high_level_region,Tropical North Queensland,https://luxuryescapes.com/search?destinationName=Tropical+North+Queensland&destinationId=le_9d704750b8c5881c8d39e3870d6f3dc1&adults=2&children=none&pages=2
JP,Japan,province_state,Okinawa Prefecture,https://luxuryescapes.com/search?destinationName=Okinawa+Prefecture&destinationId=le_39b177106c828fd87c890045dd284458&adults=2&children=none&pages=2
AU,Australia,city,Fraser Island,https://luxuryescapes.com/search?destinationName=Fraser+Island&destinationId=le_7c765e60c6333f148ed2b70b3c09e6f2&adults=2&children=none&pages=2
IN,India,province_state,Jammu and Kashmir,https://luxuryescapes.com/search?destinationName=Jammu+and+Kashmir&destinationId=le_9c9a551feb92cadb5b82bc6dbc7b8a23&adults=2&children=none&pages=2
FR,France,multi_city_vicinity,Lyon,https://luxuryescapes.com/search?destinationName=Lyon&destinationId=le_126120479babd286ca506ecebdf3a2d5&adults=2&children=none&pages=2
FR,France,multi_city_vicinity,Marseille,https://luxuryescapes.com/search?destinationName=Marseille&destinationId=le_7573cdfdc33dd148ed0c12d7c316460a&adults=2&children=none&pages=2
AU,Australia,neighborhood,Parramatta,https://luxuryescapes.com/search?destinationName=Parramatta&destinationId=le_1301962d8b7bd03fffaa27119aa7fc2b&adults=2&children=none&pages=2
JP,Japan,province_state,Tokyo Prefecture,https://luxuryescapes.com/search?destinationName=Tokyo+Prefecture&destinationId=le_2cd3704bc1e19980ff6bf39ef431e12d&adults=2&children=none&pages=2
SA,Saudi Arabia,city,Mecca,https://luxuryescapes.com/search?destinationName=Mecca&destinationId=le_8f69513cbfbf3e1aa861076e1f04b206&adults=2&children=none&pages=2
AE,United Arab Emirates,province_state,Ras Al Khaimah,https://luxuryescapes.com/search?destinationName=Ras+Al+Khaimah&destinationId=le_8813443f3d9befd49249b9ee41ede56d&adults=2&children=none&pages=2
AU,Australia,neighborhood,Katoomba,https://luxuryescapes.com/search?destinationName=Katoomba&destinationId=le_5d50d22735a7469266aab23fd8aeb536&adults=2&children=none&pages=2
IT,Italy,city,Palermo,https://luxuryescapes.com/search?destinationName=Palermo&destinationId=le_4ea6a546c19499318091a9df40a13181&adults=2&children=none&pages=2
FR,France,province_state,Provence - Alpes - Cote d'Azur,https://luxuryescapes.com/search?destinationName=Provence+-+Alpes+-+Cote+d'Azur&destinationId=le_92def1fbc07bc5fd23c0c0ae20048b88&adults=2&children=none&pages=2
IN,India,multi_city_vicinity,Delhi,https://luxuryescapes.com/search?destinationName=Delhi&destinationId=le_b7b449cbb985fa7f65b1a372265c1e7e&adults=2&children=none&pages=2
AU,Australia,neighborhood,Coolum Beach,https://luxuryescapes.com/search?destinationName=Coolum+Beach&destinationId=le_091bc5440296cc0e41dd60ce22fbaf88&adults=2&children=none&pages=2
TH,Thailand,city,Ko Phi Phi,https://luxuryescapes.com/search?destinationName=Ko+Phi+Phi&destinationId=le_44012e792781772d8795acf27fabed2f&adults=2&children=none&pages=2
ID,Indonesia,city,Candi Dasa,https://luxuryescapes.com/search?destinationName=Candi+Dasa&destinationId=le_7f279a6c92116f32e9159d797205fb63&adults=2&children=none&pages=2
AU,Australia,neighborhood,Docklands,https://luxuryescapes.com/search?destinationName=Docklands&destinationId=le_741dabd2314255432d480f44acb1a55e&adults=2&children=none&pages=2
AU,Australia,city,Healesville,https://luxuryescapes.com/search?destinationName=Healesville&destinationId=le_3014c0b05519f41029625d48954874ce&adults=2&children=none&pages=2
AU,Australia,neighborhood,Melbourne Airport,https://luxuryescapes.com/search?destinationName=Melbourne+Airport&destinationId=le_b925d57b5ccdf1b1776d6fa455b538ef&adults=2&children=none&pages=2
AU,Australia,city,Kangaroo Valley,https://luxuryescapes.com/search?destinationName=Kangaroo+Valley&destinationId=le_c256df8aa62d7d94ff1a7c4ecf70245f&adults=2&children=none&pages=2
AU,Australia,city,Lakes Entrance,https://luxuryescapes.com/search?destinationName=Lakes+Entrance&destinationId=le_b3f445b0ff5a783ec652cdf8e669a9bf&adults=2&children=none&pages=2
IT,Italy,city,Portofino,https://luxuryescapes.com/search?destinationName=Portofino&destinationId=le_f569c3d708a7558b3049d2896d2b6ce1&adults=2&children=none&pages=2
US,United States,multi_city_vicinity,Houston,https://luxuryescapes.com/search?destinationName=Houston&destinationId=le_c5dc678dff914933111899648a671433&adults=2&children=none&pages=2
AU,Australia,neighborhood,Burswood,https://luxuryescapes.com/search?destinationName=Burswood&destinationId=le_86ce7e833156b7398458e89ac8e3b33d&adults=2&children=none&pages=2
AU,Australia,city,Apollo Bay,https://luxuryescapes.com/search?destinationName=Apollo+Bay&destinationId=le_2f3d9b534d726b2d921451852adedb0c&adults=2&children=none&pages=2
US,United States,multi_city_vicinity,Salt Lake City,https://luxuryescapes.com/search?destinationName=Salt+Lake+City&destinationId=le_73cffff971f253fa6cf108c1056d0c8d&adults=2&children=none&pages=2
ID,Indonesia,province_state,Special Region of Yogyakarta,https://luxuryescapes.com/search?destinationName=Special+Region+of+Yogyakarta&destinationId=le_b312d5259e1428819b8ffe1701561e7f&adults=2&children=none&pages=2
CA,Canada,province_state,Nova Scotia,https://luxuryescapes.com/search?destinationName=Nova+Scotia&destinationId=le_ba542f3617078b0be2f95e64e425e190&adults=2&children=none&pages=2
JP,Japan,neighborhood,Ginza,https://luxuryescapes.com/search?destinationName=Ginza&destinationId=le_2e656c4e8d03bb4aca4dae8d20d92c8f&adults=2&children=none&pages=2
NZ,New Zealand,province_state,Rotorua District,https://luxuryescapes.com/search?destinationName=Rotorua+District&destinationId=le_09ca32c5defeb23cdb39d99ff2e1e3ec&adults=2&children=none&pages=2
GB,United Kingdom,province_state,Devon,https://luxuryescapes.com/search?destinationName=Devon&destinationId=le_bd07dca503e05160bdd25e0be3de5c75&adults=2&children=none&pages=2
GB,United Kingdom,multi_city_vicinity,Bath,https://luxuryescapes.com/search?destinationName=Bath&destinationId=le_66ff0e7c30438d414ff0a941b759f114&adults=2&children=none&pages=2
NZ,New Zealand,city,Dunedin,https://luxuryescapes.com/search?destinationName=Dunedin&destinationId=le_12140997310043fd0d621e1d4a9896cb&adults=2&children=none&pages=2
AU,Australia,neighborhood,Darwin City Centre,https://luxuryescapes.com/search?destinationName=Darwin+City+Centre&destinationId=le_0a7184747218c4cb31e983ab19d01dab&adults=2&children=none&pages=2
AU,Australia,province_state,Yarra Ranges Shire,https://luxuryescapes.com/search?destinationName=Yarra+Ranges+Shire&destinationId=le_c6884a78216232a80f090bcf2776b0ca&adults=2&children=none&pages=2
TH,Thailand,province_state,Surat Thani Province,https://luxuryescapes.com/search?destinationName=Surat+Thani+Province&destinationId=le_6b3bbd969f79a2225979a469afc9017e&adults=2&children=none&pages=2
ES,Spain,province_state,Andalusia,https://luxuryescapes.com/search?destinationName=Andalusia&destinationId=le_1a39e9c06a8116daa5de767ad2ca85d6&adults=2&children=none&pages=2
AU,Australia,city,Mildura,https://luxuryescapes.com/search?destinationName=Mildura&destinationId=le_8208974663db80265e9bfe7b222dcb18&adults=2&children=none&pages=2
AU,Australia,high_level_region,Snowy Mountains,https://luxuryescapes.com/search?destinationName=Snowy+Mountains&destinationId=le_641c6b8cb00274168b24d0bc28901f49&adults=2&children=none&pages=2
US,United States,city,Flagstaff,https://luxuryescapes.com/search?destinationName=Flagstaff&destinationId=le_3f67fd97162d20e6fe27748b5b372509&adults=2&children=none&pages=2
US,United States,province_state,Texas,https://luxuryescapes.com/search?destinationName=Texas&destinationId=le_0266e33d3f546cb5436a10798e657d97&adults=2&children=none&pages=2
IN,India,multi_city_vicinity,Hyderabad,https://luxuryescapes.com/search?destinationName=Hyderabad&destinationId=le_8d7bfb7c0e28c9e2fd1bf604f176e70a&adults=2&children=none&pages=2
NZ,New Zealand,city,Napier,https://luxuryescapes.com/search?destinationName=Napier&destinationId=le_026a39ae63343c68b5223a95f3e17616&adults=2&children=none&pages=2
TH,Thailand,high_level_region,Ko Yao Noi,https://luxuryescapes.com/search?destinationName=Ko+Yao+Noi&destinationId=le_e7218f38ef3fdf8a055b7ff9611b75fe&adults=2&children=none&pages=2
IN,India,province_state,South Goa,https://luxuryescapes.com/search?destinationName=South+Goa&destinationId=le_3d07b71dc7d93c657e1382644d4238b5&adults=2&children=none&pages=2
US,United States,city,Beverly Hills,https://luxuryescapes.com/search?destinationName=Beverly+Hills&destinationId=le_15756c350dae3457b2718a29dc0018cb&adults=2&children=none&pages=2
US,United States,province_state,Colorado,https://luxuryescapes.com/search?destinationName=Colorado&destinationId=le_69adc1e107f7f7d035d7baf04342e1ca&adults=2&children=none&pages=2
NZ,New Zealand,province_state,Northland,https://luxuryescapes.com/search?destinationName=Northland&destinationId=le_bab0c4aa04b2060fea34af413c0ec633&adults=2&children=none&pages=2
TH,Thailand,province_state,Chiang Mai Province,https://luxuryescapes.com/search?destinationName=Chiang+Mai+Province&destinationId=le_024d7f84fff11dd7e8d9c510137a2381&adults=2&children=none&pages=2
FR,France,city,Saint-Tropez,https://luxuryescapes.com/search?destinationName=Saint-Tropez&destinationId=le_26a06ec440ada7e4ff6318fa54e4555e&adults=2&children=none&pages=2
IT,Italy,city,Bologna,https://luxuryescapes.com/search?destinationName=Bologna&destinationId=le_85fc37b18c57097425b52fc7afbb6969&adults=2&children=none&pages=2
AU,Australia,city,Freycinet,https://luxuryescapes.com/search?destinationName=Freycinet&destinationId=le_41b38946f3095d7ae9051db96fac0e89&adults=2&children=none&pages=2
NZ,New Zealand,high_level_region,Bay of Islands,https://luxuryescapes.com/search?destinationName=Bay+of+Islands&destinationId=le_a92e9e41a37d9583900c9c5862f9c777&adults=2&children=none&pages=2
US,United States,multi_city_vicinity,Phoenix,https://luxuryescapes.com/search?destinationName=Phoenix&destinationId=le_6781be9b5eb16b142d24c60a04c821e2&adults=2&children=none&pages=2
IT,Italy,city,Amalfi,https://luxuryescapes.com/search?destinationName=Amalfi&destinationId=le_79e785d63f00348ff360d5a86528580b&adults=2&children=none&pages=2
TH,Thailand,high_level_region,Koh Lipe,https://luxuryescapes.com/search?destinationName=Koh+Lipe&destinationId=le_0b296fabc2a8354c11a2bbefbff375d9&adults=2&children=none&pages=2
JP,Japan,multi_city_vicinity,Hiroshima,https://luxuryescapes.com/search?destinationName=Hiroshima&destinationId=le_ff3b33b71034eb7c9d5c014ccd771fbc&adults=2&children=none&pages=2
US,United States,multi_city_vicinity,Austin,https://luxuryescapes.com/search?destinationName=Austin&destinationId=le_aa91390e11c29c676fae4f9368b8091c&adults=2&children=none&pages=2
US,United States,city,Napa,https://luxuryescapes.com/search?destinationName=Napa&destinationId=le_13d2b7361a27dbc9960ae158598a6a96&adults=2&children=none&pages=2
TH,Thailand,city,Lamai,https://luxuryescapes.com/search?destinationName=Lamai&destinationId=le_906d9e9b2accf74cc84f59d1f824d596&adults=2&children=none&pages=2
IN,India,city,Nainital,https://luxuryescapes.com/search?destinationName=Nainital&destinationId=le_72e2d71ab45995960dc8c986a0182731&adults=2&children=none&pages=2
IT,Italy,province_state,Province of Palermo,https://luxuryescapes.com/search?destinationName=Province+of+Palermo&destinationId=le_1c30d868c2f659e538930932e4b43503&adults=2&children=none&pages=2
TH,Thailand,city,Chiang Rai,https://luxuryescapes.com/search?destinationName=Chiang+Rai&destinationId=le_862f8a93dd2a5dffd8e708d49dbdb969&adults=2&children=none&pages=2
IN,India,city,Kochi,https://luxuryescapes.com/search?destinationName=Kochi&destinationId=le_b302d4058e7112bdb68873b187e272c5&adults=2&children=none&pages=2
MY,Malaysia,province_state,Federal Territory of Kuala Lumpur,https://luxuryescapes.com/search?destinationName=Federal+Territory+of+Kuala+Lumpur&destinationId=le_c3d36eac4c0cb2dd79ad8aafca4bb157&adults=2&children=none&pages=2
NZ,New Zealand,province_state,Canterbury,https://luxuryescapes.com/search?destinationName=Canterbury&destinationId=le_8bc42fbb2e30f9241129876ecdf45d6e&adults=2&children=none&pages=2
ES,Spain,city,Sitges,https://luxuryescapes.com/search?destinationName=Sitges&destinationId=le_f6a8dd1c954c8506aadc764cc32b895e&adults=2&children=none&pages=2
AU,Australia,neighborhood,Palm Beach,https://luxuryescapes.com/search?destinationName=Palm+Beach&destinationId=le_0df14e389d1efd15e8548355af52bca1&adults=2&children=none&pages=2
MY,Malaysia,city,Kuching,https://luxuryescapes.com/search?destinationName=Kuching&destinationId=le_8b8237493a7181e0f456ab6d07499be6&adults=2&children=none&pages=2
AU,Australia,city,Echuca,https://luxuryescapes.com/search?destinationName=Echuca&destinationId=le_f7ae58f86e00807a056e5c469a8e68db&adults=2&children=none&pages=2
TH,Thailand,city,Bophut,https://luxuryescapes.com/search?destinationName=Bophut&destinationId=le_af38850bd95342ef1271c337ff949ead&adults=2&children=none&pages=2
AU,Australia,city,Ulladulla,https://luxuryescapes.com/search?destinationName=Ulladulla&destinationId=le_2a15efb072c4176909a1421563524eec&adults=2&children=none&pages=2
US,United States,multi_city_vicinity,Atlantic City,https://luxuryescapes.com/search?destinationName=Atlantic+City&destinationId=le_02c6a53c16e52eb8180304f563e20abd&adults=2&children=none&pages=2
NZ,New Zealand,high_level_region,North Island,https://luxuryescapes.com/search?destinationName=North+Island&destinationId=le_f37a598cc74db62c75937da433a502a8&adults=2&children=none&pages=2
GB,United Kingdom,multi_city_vicinity,Belfast,https://luxuryescapes.com/search?destinationName=Belfast&destinationId=le_3c5abef25f7e2c8525750429f663be17&adults=2&children=none&pages=2
US,United States,city,Scottsdale,https://luxuryescapes.com/search?destinationName=Scottsdale&destinationId=le_bbfb937a66597d9646ad992009aee405&adults=2&children=none&pages=2
AU,Australia,neighborhood,Sydney Olympic Park,https://luxuryescapes.com/search?destinationName=Sydney+Olympic+Park&destinationId=le_5a54f01f7defc939e08fa126f3cc8895&adults=2&children=none&pages=2
MY,Malaysia,high_level_region,Penang Island,https://luxuryescapes.com/search?destinationName=Penang+Island&destinationId=le_23c4f1b3a297344b8622456f792b9362&adults=2&children=none&pages=2